,Region name,Image name,JI,Dice,Area Ratio,Recall,Precision,TP,TN,FP,FN,Centre Correct,IMAGE_CENTER_LATITUDE,IMAGE_CENTER_LONGITUDE,SOLAR_LONGITUDE,START_TIME,map_scale,north_azimuth,# of tiles,lat_IND,lon_IND,roi_name,minimal_distance,lat_WORD,lon_WORD,time,MY,Centre Correct Fraction,Centre Correct Count,Centre P4 Count
ESP_012225_0980,Albany,ESP_012225_0980,0.2812206494427106,0.43898863098254376,0.5510811812335007,0.6177919220253428,0.34045350214624065,3437941.0,50273504.0,6660181.0,2126944.0,0.0,-81.9461,60.4644,221.812,2009-03-06 01:35:09,0.5,108.57480890000002,144.0,-81.9461,60.4644,Albany,2.0615561566296168,-81.93,60.4,2009-03-06 01:35:09,29,0.9254884143571104,2037.0,2201.0
ESP_012291_0980,Albany,ESP_012291_0980,0.2572261362562629,0.40919629148376535,0.47121575404662586,0.638790220147014,0.30100801526418536,3381093.0,49354024.0,7851475.0,1911870.0,0.0,-81.9366,60.4442,225.013,2009-03-11 05:00:23,0.5,110.3673834,144.0,-81.9366,60.4442,Albany,1.0114771820340105,-81.93,60.4,2009-03-11 05:00:23,29,0.943561872909699,2257.0,2392.0
ESP_012304_0980,Albany,ESP_012304_0980,0.2869705249028676,0.4459628551703254,0.5751865914526624,0.6106494137633731,0.3512373548751211,2970454.0,52147252.0,5486659.0,1893964.0,0.0,-81.94,60.4432,225.645,2009-03-12 05:19:05,0.5,105.1251398,144.0,-81.94,60.4432,Albany,1.3058583311617622,-81.93,60.4,2009-03-12 05:19:04,29,0.9307458143074582,2446.0,2628.0
ESP_012436_0980,Albany,ESP_012436_0980,0.2574586891564821,0.4094904928116381,0.5378001016767047,0.585454074402472,0.3148572607406905,2097052.0,46560664.0,4563274.0,1484872.0,0.0,-81.9405,60.4513,232.092,2009-03-22 12:10:02,0.5,109.0455899,126.0,-81.9405,60.4513,Albany,1.4216140308553435,-81.93,60.4,2009-03-22 12:10:02,29,0.9183505154639175,2227.0,2425.0
ESP_012647_0980,Albany,ESP_012647_0980,0.2622150585271393,0.41548396488489736,1.3230863688644183,0.3647551505402728,0.48260256765292386,1284370.0,57600488.0,1376971.0,2236814.0,0.0,-81.9383,60.4502,242.477,2009-04-07 22:46:33,0.5,109.82571000000002,144.0,-81.9383,60.4502,Albany,1.2157136622007607,-81.93,60.4,2009-04-07 22:46:33,29,0.6305847076461769,2103.0,3335.0
ESP_012038_0930,Atka,ESP_012038_0930,0.028595146512761356,0.05560039483819622,0.1390335095011277,0.22775341386921313,0.031665356431099516,489315.0,95718232.0,14963377.0,1659127.0,0.0,-86.9844,169.815,212.826,2009-02-19 11:51:15,0.25,153.9635944,270.0,-86.9844,169.815,Atka,0.8359374716708894,-86.98,169.7,2009-02-19 11:51:15,29,0.4262295081967213,78.0,183.0
ESP_012671_0930,Atka,ESP_012671_0930,0.037290835874579716,0.07190044408931538,0.11545277204370694,0.3473348809686376,0.0401007748353002,76306.0,21489436.0,1826550.0,143384.0,0.0,-86.985,169.84900000000002,243.66099999999997,2009-04-09 19:37:46,0.5,154.1040705,54.0,-86.985,169.84900000000005,Atka,1.038921729165133,-86.98,169.7,2009-04-09 19:37:46,29,0.5839080459770115,254.0,435.0
ESP_012816_0930,Atka,ESP_012816_0930,0.03333533487297922,0.06451987800664322,0.10567453841492888,0.3375363044098458,0.035668993166791375,72171.0,29163226.0,1951183.0,141646.0,0.0,-86.9846,169.826,250.83,2009-04-21 02:47:44,0.5,152.8069654,72.0,-86.9846,169.826,Atka,0.9015946536986954,-86.98,169.7,2009-04-21 02:47:44,29,0.5815899581589958,278.0,478.0
ESP_011420_0930,Bilbao,ESP_011420_0930,0.4135897775626622,0.5851623775545143,1.4087996735742037,0.5002623760073495,0.7047694720206095,1376610.0,21612824.0,576667.0,1375166.0,0.0,-87.0093,127.31700000000001,184.304,2009-01-02 08:07:26,1.0,157.3114044,54.0,-87.0093,127.317,Bilbao,0.2947135613464393,-87.008,127.273,2009-01-02 08:07:26,29,0.8535483870967742,1323.0,1550.0
ESP_011565_0930,Bilbao,ESP_011565_0930,0.20230107691201415,0.3365231567979686,1.6801266397152546,0.2684097305808348,0.4509623387076547,1977772.0,52722240.0,2407898.0,5390709.0,0.0,-87.0128,127.469,190.81400000000002,2009-01-13 15:17:34,0.5,156.5209641,144.0,-87.0128,127.469,Bilbao,1.2613631260772409,-87.008,127.273,2009-01-13 15:17:34,29,0.463452566096423,298.0,643.0
ESP_011776_0930,Bilbao,ESP_011776_0930,0.09047768680383877,0.16594137448025237,0.14135471157881496,0.6699386511191676,0.09469898480445028,2023612.0,72168640.0,19345276.0,996981.0,0.0,-87.0088,127.294,200.49400000000003,2009-01-30 01:52:56,0.5,156.7536124,218.0,-87.0088,127.294,Bilbao,0.15155502469159549,-87.008,127.273,2009-01-30 01:52:56,29,0.8948374760994264,468.0,523.0
ESP_012211_0930,Bilbao,ESP_012211_0930,0.03202973275261339,0.06207133924280532,0.0488859617795164,0.6658941841442184,0.03255287763527652,1853627.0,132005976.0,55088404.0,930039.0,0.0,-87.0138,127.477,221.13400000000001,2009-03-04 23:22:24,0.25,154.66885119999995,455.0,-87.0138,127.477,Bilbao,1.3532876472461368,-87.008,127.273,2009-03-04 23:22:24,29,0.8820224719101124,157.0,178.0
ESP_012488_0930,Bilbao,ESP_012488_0930,0.24059052848733015,0.3878645257443415,0.4812408280471446,0.5969160738242462,0.2872603856418307,1927907.0,46692628.0,4783450.0,1301872.0,0.0,-87.0144,127.51299999999999,234.643,2009-03-26 13:23:06,0.5,155.3993399,126.0,-87.0144,127.513,Bilbao,1.5698831772275357,-87.008,127.273,2009-03-26 13:23:05,29,0.8065819861431871,1397.0,1732.0
ESP_012633_0930,Bilbao,ESP_012633_0930,0.32605053587258953,0.4917618553021984,0.9133284165683773,0.5150950714252966,0.4704509659670414,1539221.0,57777788.0,1732578.0,1449006.0,0.0,-87.0143,127.501,241.785,2009-04-06 20:33:40,0.5,154.2769291,144.0,-87.0143,127.501,Bilbao,1.5027564604018768,-87.008,127.273,2009-04-06 20:33:40,29,0.6952908587257618,1506.0,2166.0
ESP_012844_0930,Bilbao,ESP_012844_0930,0.3791439661987656,0.5498250937420682,0.6051142595956313,0.7292276223442133,0.4412660327715013,7418208.0,42932840.0,9392983.0,2754484.0,0.0,-87.0115,127.397,252.215,2009-04-23 07:09:17,0.5,154.8045375,144.0,-87.0115,127.397,Bilbao,0.8214721087147449,-87.008,127.273,2009-04-23 07:09:17,29,0.8882544861337683,1089.0,1226.0
ESP_020347_0930,Bilbao,ESP_020347_0930,0.3061839224193577,0.4688220658117328,1.3699288512512025,0.4055228630507465,0.5555374699352078,3023926.0,52622232.0,2419318.0,4432931.0,0.0,-87.0038,127.413,189.261,2010-11-28 22:26:45,0.5,155.12002019999997,144.0,-87.0038,127.413,Bilbao,0.9418965504770428,-87.008,127.273,2010-11-28 22:26:45,30,0.6714285714285714,517.0,770.0
ESP_020558_0930,Bilbao,ESP_020558_0930,0.013211693543292395,0.026078841425704265,0.025120699174194457,0.5321101926859123,0.013366980077985452,193446.0,47856380.0,14278484.0,170099.0,0.0,-87.0036,127.413,198.899,2010-12-15 09:02:54,0.5,155.8339532,144.0,-87.0036,127.413,Bilbao,0.9532420227971392,-87.008,127.273,2010-12-15 09:02:54,30,0.8333333333333334,25.0,30.0
ESP_021903_0930,Bilbao,ESP_021903_0930,0.01769684565683495,0.03477822640869673,0.07269788902517821,0.25658606152737073,0.018653265026324344,130980.0,142911744.0,6890847.0,379492.0,0.0,-87.0079,127.59700000000001,264.186,2011-03-30 04:23:26,0.25,158.6753479,360.0,-87.0079,127.597,Bilbao,1.8889767326369267,-87.008,127.273,2011-03-30 04:23:26,30,0.2902097902097902,83.0,286.0
ESP_012254_1065,Binghamton,ESP_012254_1065,0.1948075214018146,0.3260902160596639,0.6810432502982277,0.40245003269274393,0.2740858783476943,1025429.0,184614576.0,2715840.0,1522537.0,0.0,-73.4875,339.522,223.218,2009-03-08 07:51:41,0.25,100.8578694,455.0,-73.4875,339.522,Binghamton,4.794119284504964,-73.53,339.5,2009-03-08 07:51:41,29,0.6236438458660681,1667.0,2673.0
ESP_012887_1065,Binghamton,ESP_012887_1065,0.3576248986118514,0.5268390392331738,1.6101945332783933,0.4270143612164144,0.6875761900620356,1928984.0,144918992.0,876500.0,2588391.0,0.0,-73.4787,339.517,254.34400000000002,2009-04-26 15:38:45,0.25,102.6326704,360.0,-73.4787,339.517,Binghamton,5.750550439126493,-73.53,339.5,2009-04-26 15:38:45,29,0.6116071428571429,2192.0,3584.0
ESP_011370_0980,BuenosAires,ESP_011370_0980,0.25443592646690233,0.40565790742858715,0.41203367405178226,0.6950920052259598,0.28640131271727287,88317.0,54358792.0,220051.0,38741.0,0.0,-81.9247,4.8129,182.088,2008-12-29 10:39:09,0.5,110.5801888,126.0,-81.9247,4.8129,BuenosAires,2.8251171286431207,-81.90100000000002,4.75,2008-12-29 10:39:09,29,0.7156862745098039,73.0,102.0
ESP_011515_0980,BuenosAires,ESP_011515_0980,0.35926066537560847,0.5286118763340112,0.8149237180736986,0.5886380594504149,0.4796951160070189,393657.0,73524608.0,426983.0,275102.0,0.0,-81.9134,4.7797,188.55700000000002,2009-01-09 17:49:18,0.5,109.1941491,172.0,-81.9134,4.7797,BuenosAires,1.4613458258891128,-81.90100000000002,4.75,2009-01-09 17:49:17,29,0.7640845070422535,217.0,284.0
ESP_011792_0980,BuenosAires,ESP_011792_0980,0.27189677740798446,0.4275453515372318,0.6903641635066293,0.5234247218464148,0.3613536702561903,1244235.0,57922360.0,2199026.0,1132869.0,0.0,-81.9079,4.7744,201.238,2009-01-31 07:50:17,0.5,111.4567745,144.0,-81.9079,4.7744,BuenosAires,0.8608136505227219,-81.90100000000002,4.75,2009-01-31 07:50:17,29,0.6527012127894156,592.0,907.0
ESP_012227_0980,BuenosAires,ESP_012227_0980,0.1817410316938199,0.30758183954291507,0.5361626515167195,0.44062723583414354,0.23624786709531725,3287459.0,132224048.0,10627837.0,4173403.0,0.0,-81.9149,4.7841,221.90900000000002,2009-03-06 05:19:40,0.25,107.9130787,360.0,-81.9149,4.7841,BuenosAires,1.6422053275809632,-81.90100000000002,4.75,2009-03-06 05:19:40,29,0.5271020059752454,1235.0,2343.0
ESP_012504_0980,BuenosAires,ESP_012504_0980,0.1515804985949975,0.2632564528140855,0.6595037129813693,0.3312150123737219,0.21843753045563977,513269.0,35734704.0,1836460.0,1036386.0,0.0,-81.908,4.772,235.43,2009-03-27 19:20:33,0.5,110.002992,90.0,-81.908,4.772,BuenosAires,0.8548596289222614,-81.90100000000002,4.75,2009-03-27 19:20:33,29,0.3689740420271941,597.0,1618.0
ESP_012860_0980,BuenosAires,ESP_012860_0980,0.2015045278260747,0.33542033868264165,1.121933383050673,0.31719334889098044,0.35586980700243015,442833.0,44715784.0,801535.0,953265.0,0.0,-81.9113,4.7803,253.00799999999998,2009-04-24 13:06:37,0.5,109.4928805,108.0,-81.9113,4.7803,BuenosAires,1.2449974025830954,-81.90100000000002,4.75,2009-04-24 13:06:37,29,0.4101508916323731,598.0,1458.0
ESP_012939_0980,BuenosAires,ESP_012939_0980,0.22056432794601744,0.36141368856352885,0.8724620000060546,0.3878297267459983,0.3383666990586153,670634.0,43872684.0,1311340.0,1058563.0,0.0,-81.908,4.7673,256.914,2009-04-30 16:50:43,0.5,106.0978111,108.0,-81.908,4.7673,BuenosAires,0.8277033288058205,-81.90100000000002,4.75,2009-04-30 16:50:43,29,0.2597714972940469,432.0,1663.0
ESP_020297_0980,BuenosAires,ESP_020297_0980,0.38075299800628865,0.5515150045751405,0.9120226497766271,0.578115675470121,0.5272545902196644,307091.0,38314272.0,275343.0,224102.0,0.0,-81.9117,4.7769,187.014,2010-11-25 00:58:18,0.5,107.7482195,90.0,-81.9117,4.7769,BuenosAires,1.2675459887012228,-81.90100000000002,4.75,2010-11-25 00:58:18,30,0.8283582089552238,111.0,134.0
ESP_020376_0980,BuenosAires,ESP_020376_0980,0.3441403378944288,0.5120601297235352,0.652775090483682,0.6482479490828994,0.42316011361845096,684544.0,60509284.0,933151.0,371447.0,0.0,-81.9099,4.7671,190.572,2010-12-01 04:42:59,0.5,104.4862659,144.0,-81.9099,4.7671,BuenosAires,1.0296160655190378,-81.90100000000002,4.75,2010-12-01 04:42:59,30,0.8728070175438597,199.0,228.0
ESP_020508_0980,BuenosAires,ESP_020508_0980,0.2877732456429704,0.446931548883497,0.8957573017527556,0.4729371145072844,0.42363687358977903,505994.0,37362536.0,688411.0,563903.0,0.0,-81.9091,4.7734,196.59400000000002,2010-12-11 11:34:37,0.5,108.564351,90.0,-81.9091,4.7734,BuenosAires,0.9765374959597698,-81.90100000000002,4.75,2010-12-11 11:34:36,30,0.5482866043613707,176.0,321.0
ESP_020719_0980,BuenosAires,ESP_020719_0980,0.18425883028129614,0.31117998306069766,0.46167481863011967,0.4926020728736958,0.22742197265078448,3218292.0,95363464.0,10932900.0,3314957.0,0.0,-81.9104,4.7791,206.41099999999997,2010-12-27 22:10:15,0.25,109.6527556,270.0,-81.9104,4.7791,BuenosAires,1.145125873078001,-81.90100000000002,4.75,2010-12-27 22:10:15,30,0.6303030303030303,832.0,1320.0
ESP_020930_0980,BuenosAires,ESP_020930_0980,0.10844496510926821,0.19567044600237432,0.28364891326349095,0.44275183796563355,0.1255860776843652,2227411.0,92289976.0,15508719.0,2803423.0,0.0,-81.9141,4.7874,216.438,2011-01-13 08:45:09,0.25,110.1005825,270.0,-81.9141,4.7874,BuenosAires,1.5766504060548068,-81.90100000000002,4.75,2011-01-13 08:45:08,30,0.5831578947368421,831.0,1425.0
ESP_021497_0980,BuenosAires,ESP_021497_0980,0.12438661418694161,0.2212523924022115,0.3915836988887467,0.3931359036149884,0.15394561130352696,1428431.0,159516368.0,7850372.0,2204997.0,0.0,-81.9085,4.7774,244.12599999999998,2011-02-26 13:08:18,0.25,110.399231,410.0,-81.9085,4.7774,BuenosAires,0.9418992264505232,-81.90100000000002,4.75,2011-02-26 13:08:18,30,0.6024449877750612,2464.0,4090.0
ESP_021642_0980,BuenosAires,ESP_021642_0980,0.1812094140025102,0.3068201317300458,0.8244939976056547,0.3394757816986475,0.27989574434302245,1371455.0,105261392.0,3528423.0,2668465.0,0.0,-81.9139,4.7858,251.296,2011-03-09 20:18:57,0.25,109.2069714,270.0,-81.9139,4.7858,BuenosAires,1.5466211027265877,-81.90100000000002,4.75,2011-03-09 20:18:57,30,0.5029142381348876,1812.0,3603.0
ESP_012277_0975,Buffalo,ESP_012277_0975,0.036682322959492954,0.07076868917914482,0.05401040225927629,0.6905237827242912,0.037295467274536066,818386.0,40188396.0,21124924.0,366781.0,0.0,-82.5184,80.0468,224.333,2009-03-10 02:49:25,0.5,107.5613609,144.0,-82.5184,80.0468,Buffalo,99.7618972893222,-81.801,76.14,2009-03-10 02:49:24,29,0.851063829787234,160.0,188.0
ESP_012620_0975,Buffalo,ESP_012620_0975,0.2711906290502736,0.426671850551454,0.5901443124474407,0.5748338178691206,0.33923490821790947,4248157.0,97164712.0,8274602.0,3142078.0,0.0,-82.5135,80.0473,241.144,2009-04-05 20:16:40,0.25,112.8127845,270.0,-82.5135,80.0473,Buffalo,99.3391285068537,-81.801,76.14,2009-04-05 20:16:40,29,0.935370741482966,1867.0,1996.0
ESP_011680_1055,Caterpillar,ESP_011680_1055,0.3713293634198713,0.5415611644074134,1.0812823473808029,0.5212059987099692,0.5635708457540712,7813863.0,187576928.0,6051054.0,7178027.0,0.0,-74.2302,168.521,196.062,2009-01-22 14:25:49,0.25,98.9683473,500.0,-74.2302,168.521,Caterpillar,1.3047726774962256,-74.22,168.5,2009-01-22 14:25:48,29,0.6431602708803612,7123.0,11075.0
ESP_011413_0970,Cortland,ESP_011413_0970,0.20573134549770064,0.3412556972428697,0.37150293821108715,0.6299185595995658,0.2340165957249345,554734.0,44216908.0,1815756.0,325910.0,0.0,-82.6986,273.129,183.99400000000003,2009-01-01 19:03:46,0.5,112.7706643,108.0,-82.6986,273.129,Cortland,1.0450028626297914,-82.69,273.1,2009-01-01 19:03:46,29,0.8916083916083916,510.0,572.0
ESP_022193_0950,Geneseo,ESP_022193_0950,0.028211086520264106,0.05487411464456743,0.07189607774958072,0.4090581162324649,0.02940967412874633,45927.0,21907694.0,1515702.0,66348.0,0.0,-85.1719,91.9143,278.375,2011-04-21 18:43:52,0.5,118.3340674,54.0,-85.1719,91.9143,Geneseo,1.2109372810689107,-85.18,92.0,2011-04-21 18:43:52,30,0.8064516129032258,25.0,31.0
ESP_011447_0950,Giza,ESP_011447_0950,0.2821039413505353,0.4400640732035723,0.6306086417988986,0.5689521465040455,0.3587861403554841,2104125.0,87075952.0,3760441.0,1594121.0,0.0,-84.8055,65.7126,185.50799999999998,2009-01-04 10:38:13,0.5,112.9779895,218.0,-84.8055,65.7126,Giza,1.6244195355556144,-84.82,65.7,2009-01-04 10:38:13,29,0.5576923076923077,464.0,832.0
ESP_011448_0950,Giza,ESP_011448_0950,0.3372734998384093,0.5044196267691898,0.6315210095204646,0.6515786539812148,0.4114856093442023,1002904.0,24269302.0,1434372.0,536287.0,0.0,-84.8063,65.7725,185.55200000000002,2009-01-04 12:30:00,1.0,138.8255394,59.0,-84.8063,65.7725,Giza,1.6961872551595742,-84.82,65.7,2009-01-04 12:29:59,29,0.6012269938650306,490.0,815.0
ESP_011777_0950,Giza,ESP_011777_0950,0.22336170077133932,0.36516052551017086,0.3291370024571532,0.7373044699759176,0.24267418314613365,2214449.0,61185816.0,6910745.0,788990.0,0.0,-84.8073,65.7445,200.54,2009-01-30 03:46:06,0.5,122.5603233,164.0,-84.8073,65.7445,Giza,1.4878530446308549,-84.82,65.7,2009-01-30 03:46:06,29,0.7818499127399651,448.0,573.0
ESP_011843_0950,Giza,ESP_011843_0950,0.2534495437676348,0.4044032646193526,0.42764017225044637,0.6750328708848433,0.2886711731799077,2573147.0,60947512.0,6340618.0,1238737.0,0.0,-84.8013,65.7036,203.61599999999999,2009-02-04 07:11:34,0.5,124.3299077,164.0,-84.8013,65.7036,Giza,2.0888213100112663,-84.82,65.7,2009-02-04 07:11:34,29,0.7441497659906396,477.0,641.0
ESP_012212_0950,Giza,ESP_012212_0950,0.08743573778276804,0.1608108594279705,0.3265692722142394,0.32661790760209725,0.1066633723777546,871623.0,179909328.0,7300095.0,1797009.0,0.0,-84.9791,66.2697,221.18200000000002,2009-03-05 01:15:29,0.25,119.8740033,455.0,-84.9791,66.2697,Giza,18.64759615650797,-84.82,65.7,2009-03-05 01:15:29,29,0.5068493150684932,925.0,1825.0
ESP_012265_0950,Giza,ESP_012265_0950,0.11658718302803137,0.2088277293526922,0.19186668639433616,0.64861395618178,0.12444741052171927,3593189.0,119492936.0,25279964.0,1946607.0,0.0,-84.8106,65.7763,223.75,2009-03-09 04:22:06,0.25,126.4444517,360.0,-84.8106,65.7763,Giza,1.3020060713403705,-84.82,65.7,2009-03-09 04:22:05,29,0.8365155131264916,701.0,838.0
ESP_012344_0950,Giza,ESP_012344_0950,0.07932907760724874,0.1469970174121731,0.14932506001488294,0.5657032741805211,0.0844736753676221,2423371.0,119764504.0,26264512.0,1860449.0,0.0,-84.8125,65.7791,227.593,2009-03-15 08:05:58,0.25,123.1590207,360.0,-84.8125,65.7791,Giza,1.1570608068840371,-84.82,65.7,2009-03-15 08:05:58,29,0.7829638273045507,671.0,857.0
ESP_012704_0850,Giza,ESP_012704_0850,0.12038553573641711,0.21490019622091786,4.853494047915525,0.12958880829526004,0.6289585097375106,63138.0,38596368.0,37247.0,424080.0,0.0,-84.9587,66.3147,245.291,2009-04-12 09:18:58,0.5,230.9148208,90.0,-84.9587,66.3147,Giza,16.6540957862951,-84.82,65.7,2009-04-12 09:18:57,29,0.18666666666666668,98.0,525.0
ESP_012753_0950,Giza,ESP_012753_0950,0.3415532039917433,0.5091906947491371,1.2945705041714142,0.45125929619327076,0.58418697458496,952098.0,36333212.0,677685.0,1157771.0,0.0,-84.8108,65.7778,247.71400000000003,2009-04-16 04:59:26,0.5,128.5200635,90.0,-84.8108,65.7778,Giza,1.2931907361655663,-84.82,65.7,2009-04-16 04:59:26,29,0.7022094140249759,731.0,1041.0
ESP_012836_0850,Giza,ESP_012836_0850,0.1956998933493402,0.3273394844941477,0.4521094113157082,0.5256833127471208,0.23766637306459212,457089.0,21199992.0,1466149.0,412425.0,0.0,-84.8005,65.7294,251.81900000000002,2009-04-22 16:10:04,0.5,233.8537817,54.0,-84.8005,65.7294,Giza,2.1980140240354444,-84.82,65.7,2009-04-22 16:10:03,29,0.6578947368421053,150.0,228.0
ESP_012845_0950,Giza,ESP_012845_0950,0.3375327040900811,0.5047094595263799,0.7488395827927491,0.5893491082147793,0.4413279403148341,1324934.0,27402886.0,1677219.0,923197.0,0.0,-84.8103,65.7528,252.265,2009-04-23 09:02:27,0.5,120.4552506,72.0,-84.8103,65.7528,Giza,1.2073306424779504,-84.82,65.7,2009-04-23 09:02:27,29,0.7529880478087649,378.0,502.0
ESP_020150_0950,Giza,ESP_020150_0950,0.24513179074490649,0.39374432902119566,0.38974472797162885,0.7020032166615559,0.2736020527129665,560876.0,30938980.0,1489094.0,238089.0,0.0,-84.8309,65.7206,180.487,2010-11-13 14:01:59,1.0,114.5149389,72.0,-84.8309,65.7206,Giza,1.2349239660634164,-84.82,65.7,2010-11-13 14:01:59,30,0.6004464285714286,538.0,896.0
ESP_020401_0950,Giza,ESP_020401_0950,0.12862872022812083,0.2279380595633294,0.2998277311845713,0.49408406894562507,0.14814010540640807,1324129.0,115410624.0,7614227.0,1355838.0,0.0,-84.8316,65.7575,191.705,2010-12-03 03:26:54,0.5,127.6024142,290.0,-84.8316,65.7575,Giza,1.419114461013935,-84.82,65.7,2010-12-03 03:26:54,30,0.5708955223880597,306.0,536.0
ESP_020480_0950,Giza,ESP_020480_0950,0.22986897966154465,0.37381051715737024,0.36258092495712,0.7023908942358537,0.25467354011349447,912561.0,27358310.0,2670697.0,386660.0,0.0,-84.8339,65.7666,195.30900000000003,2010-12-09 07:11:34,0.5,124.652881,72.0,-84.8339,65.7666,Giza,1.6911051544574665,-84.82,65.7,2010-12-09 07:11:34,30,0.7853403141361257,150.0,191.0
ESP_020783_0950,Giza,ESP_020783_0950,0.08621589364073147,0.1587454020038436,0.1444539940190852,0.6288396890274319,0.09083840467773205,1594684.0,94333248.0,15960490.0,941231.0,0.0,-84.8306,65.7231,209.43099999999998,2011-01-01 21:50:19,0.25,117.6682225,270.0,-84.8306,65.7231,Giza,1.2065124554826667,-84.82,65.7,2011-01-01 21:50:19,30,0.8071428571428572,113.0,140.0
ESP_020902_0950,Giza,ESP_020902_0950,0.08494153935509029,0.15658271069808696,0.14103179600994906,0.6334240102825482,0.08933292580597221,1570108.0,94345160.0,16005808.0,908655.0,0.0,-84.836,65.7856,215.09599999999998,2011-01-11 04:22:18,0.25,126.7149745,270.0,-84.836,65.7856,Giza,1.9839401373221064,-84.82,65.7,2011-01-11 04:22:18,30,0.7203389830508474,85.0,118.0
ESP_021482_0950,Giza,ESP_021482_0950,0.096793763888399,0.17650312588438086,0.22594065058215543,0.47884777798717115,0.10819117848824097,823260.0,141807184.0,6786048.0,895992.0,0.0,-84.8598,65.9176,243.385,2011-02-25 09:04:09,0.25,122.0938197,360.0,-84.8598,65.9176,Giza,4.953432932634465,-84.82,65.7,2011-02-25 09:04:09,30,0.8259668508287292,299.0,362.0
ESP_022273_0950,Giza,ESP_022273_0950,0.013282637901045606,0.026217044295873453,0.03712504395383646,0.36619960977699545,0.013595176608848715,78641.0,106909144.0,5705837.0,136108.0,0.0,-84.8184,65.7963,282.247,2011-04-28 00:21:01,0.25,117.2366475,270.0,-84.8184,65.7963,Giza,0.9875414345773372,-84.82,65.7,2011-04-28 00:21:01,30,0.8189655172413793,95.0,116.0
ESP_011422_0930,Halifax,ESP_011422_0930,0.24498251010940486,0.3935517296349434,0.9741158884386925,0.3987804385575253,0.3884583611974352,19750.0,24860680.0,31092.0,29776.0,0.0,-87.0408,72.3564,184.393,2009-01-02 11:51:51,1.0,156.97183940000005,54.0,-87.0408,72.3564,Halifax,4.568738893592019,-87.0,72.3,2009-01-02 11:51:51,29,0.68,68.0,100.0
ESP_012081_0930,Halifax,ESP_012081_0930,0.3577868125760032,0.52701471138493,0.6342968201302948,0.678939606540477,0.4306492334891381,1707066.0,26557124.0,2256870.0,807246.0,0.0,-87.0442,72.4612,214.88,2009-02-22 20:16:03,0.5,148.7467737,72.0,-87.0442,72.4612,Halifax,5.024565616026613,-87.0,72.3,2009-02-22 20:16:03,29,0.6618020304568528,1043.0,1576.0
ESP_012648_0930,Halifax,ESP_012648_0930,0.04165368398369058,0.07997607002049015,0.12289786820223123,0.3653641834756021,0.044902479266600376,410943.0,84222048.0,8740957.0,713806.0,0.0,-87.0438,72.4354,242.525,2009-04-08 00:36:58,0.25,150.35205480000005,225.0,-87.0438,72.4354,Halifax,4.954754726854533,-87.0,72.3,2009-04-08 00:36:57,29,0.5275895450145208,545.0,1033.0
ESP_011491_0985,Inca_City,ESP_011491_0985,0.18727632914766243,0.31547217124547533,0.4164346699440962,0.5365135914531546,0.22342286037731612,3501946.0,91420296.0,12172126.0,3025281.0,0.0,-81.3269,296.038,187.47799999999998,2009-01-07 20:56:28,0.5,105.2248898,254.0,-81.3269,296.038,Inca_City,7.150476983641638,-81.38,295.8,2009-01-07 20:56:28,29,0.6488188976377953,1236.0,1905.0
ESP_011544_0985,Inca_City,ESP_011544_0985,0.08850394591136922,0.16261575576975557,0.25043202177348933,0.4059783306052535,0.1016699741296997,597987.0,47949200.0,5283661.0,874966.0,0.0,-81.3743,295.86400000000003,189.865,2009-01-12 00:03:25,0.5,111.9656367,126.0,-81.3743,295.8640000000001,Inca_City,1.2464510288637105,-81.38,295.8,2009-01-12 00:03:25,29,0.589974293059126,459.0,778.0
ESP_011729_0985,Inca_City,ESP_011729_0985,0.15731781587619406,0.27186623020590117,0.3827145768136002,0.4911145566741095,0.18795669972453072,1131414.0,63908108.0,4888132.0,1172354.0,0.0,-81.381,295.89799999999997,198.31799999999998,2009-01-26 10:01:20,0.5,120.0807169,164.0,-81.381,295.898,Inca_City,1.6441709179252506,-81.38,295.8,2009-01-26 10:01:20,29,0.5225316455696203,1032.0,1975.0
ESP_012256_0985,Inca_City,ESP_012256_0985,0.12241391681251589,0.21812615645421204,0.25183133743859826,0.5421429297515331,0.13652857908220858,2538658.0,169139792.0,16055676.0,2143978.0,0.0,-81.3809,295.882,223.31400000000002,2009-03-08 11:33:35,0.25,110.8844879,455.0,-81.3809,295.882,Inca_City,1.3762406509636074,-81.38,295.8,2009-03-08 11:33:35,29,0.47385103011093505,1196.0,2524.0
ESP_012467_0985,Inca_City,ESP_012467_0985,0.07221794073229851,0.1347075776086631,0.2022552611604706,0.40036756761967035,0.0809764469490988,498434.0,68444656.0,5656862.0,746507.0,0.0,-81.3698,295.848,233.613,2009-03-24 22:08:51,0.25,111.4156753,180.0,-81.3698,295.848,Inca_City,1.3941764365797609,-81.38,295.8,2009-03-24 22:08:51,29,0.6075418994413407,435.0,716.0
ESP_012744_0985,Inca_City,ESP_012744_0985,0.06438322438150812,0.12097752558796655,0.18016342200503324,0.39623262312259866,0.07138662529179804,567207.0,141502432.0,7378357.0,864293.0,0.0,-81.3745,295.872,247.27,2009-04-15 12:10:54,0.25,113.9990544,360.0,-81.3745,295.872,Inca_City,1.3530494629904877,-81.38,295.8,2009-04-15 12:10:54,29,0.5435122459614382,1043.0,1919.0
ESP_013034_0985,Inca_City,ESP_013034_0985,0.16766088599497145,0.2871739355251358,0.548545437266546,0.4053464465727015,0.2223509437796632,676173.0,42880292.0,2364844.0,991963.0,0.0,-81.3353,295.762,261.60400000000004,2009-05-08 02:29:54,0.5,110.7881975,108.0,-81.3353,295.762,Inca_City,5.032155666479091,-81.38,295.8,2009-05-08 02:29:54,29,0.4583333333333333,572.0,1248.0
ESP_013113_0985,Inca_City,ESP_013113_0985,0.2338487648448237,0.3790557992319811,0.5152182486045855,0.557387345839619,0.2871761321178469,1676343.0,55329964.0,4160991.0,1331158.0,0.0,-81.3289,295.74,265.496,2009-05-14 06:13:44,0.5,107.4544435,144.0,-81.3289,295.74,Inca_City,5.794487007322752,-81.38,295.8,2009-05-14 06:13:43,29,0.5613275613275613,778.0,1386.0
ESP_020049_0985,Inca_City,ESP_020049_0985,0.06701042302628192,0.12560406455304393,0.16525160313124368,0.4428409008050425,0.07318016879011734,163980.0,18351316.0,2076791.0,206311.0,0.0,-81.3872,295.728,176.075,2010-11-05 17:10:31,1.0,107.8438335,45.0,-81.3872,295.728,Inca_City,1.4483936810965456,-81.38,295.8,2010-11-05 17:10:31,30,0.44471744471744473,181.0,407.0
ESP_020128_0985,Inca_City,ESP_020128_0985,0.1322467626128726,0.2336006018823817,0.23272425965513205,0.6186830918211539,0.14398256450522612,1028354.0,71173624.0,6113858.0,633812.0,0.0,-81.3893,295.782,179.521,2010-11-11 20:54:28,0.5,104.5258052,182.0,-81.3893,295.782,Inca_City,1.0813007860832844,-81.38,295.8,2010-11-11 20:54:28,30,0.6617283950617284,536.0,810.0
ESP_020194_0985,Inca_City,ESP_020194_0985,0.20472063527274278,0.3398640801506567,0.3807671958822361,0.6162205909616422,0.23463658646535893,1618732.0,54591556.0,5280158.0,1008139.0,0.0,-81.3798,295.805,182.428,2010-11-17 00:20:32,0.5,106.6756301,144.0,-81.3798,295.805,Inca_City,0.08662684899670138,-81.38,295.8,2010-11-17 00:20:32,30,0.6417525773195877,747.0,1164.0
ESP_020748_0985,Inca_City,ESP_020748_0985,0.2559646006356124,0.40759843152597625,0.5997279570227054,0.5436186511862269,0.32602330307535454,4033901.0,134553344.0,8339144.0,3386560.0,0.0,-81.3848,295.781,207.77700000000002,2010-12-30 04:24:18,0.25,112.4899939,360.0,-81.3848,295.781,Inca_City,0.6232223505910514,-81.38,295.8,2010-12-30 04:24:18,30,0.5695963787250095,1510.0,2651.0
ESP_020959_0985,Inca_City,ESP_020959_0985,0.17640873544232225,0.29991061801490904,0.44641980651361024,0.4858617961737733,0.216898329040251,2670380.0,97692032.0,9641287.0,2825792.0,0.0,-81.3874,295.788,217.831,2011-01-15 14:59:26,0.25,112.8961724,270.0,-81.3874,295.788,Inca_City,0.8503921526212213,-81.38,295.8,2011-01-15 14:59:26,30,0.5525773195876289,1072.0,1940.0
ESP_021460_0985,Inca_City,ESP_021460_0985,0.21054112067461883,0.3478462929987657,0.6307614112232703,0.44965838236627603,0.28362715582972514,1879425.0,122644440.0,4746968.0,2300248.0,0.0,-81.3854,295.77099999999996,242.299,2011-02-23 15:56:58,0.25,111.4120544,315.0,-81.3854,295.771,Inca_City,0.7740362287389064,-81.38,295.8,2011-02-23 15:56:58,30,0.6012549914432401,1054.0,1753.0
ESP_022699_0985,Inca_City,ESP_022699_0985,0.012473989934385326,0.024640613108873482,0.10216084845736174,0.13291745057266396,0.013578959525292793,48324.0,35246820.0,3510417.0,315240.0,0.0,-81.4043,295.782,302.421,2011-05-31 05:01:48,0.5,96.7570683,90.0,-81.4043,295.782,Inca_City,2.730180069791192,-81.38,295.8,2011-05-31 05:01:48,30,0.2934472934472934,103.0,351.0
ESP_011557_0985,Inca_City_Ridges,ESP_011557_0985,0.1411188483077866,0.24733418174111788,0.3477651024189528,0.4792723255832045,0.16667418939301282,1170580.0,42947540.0,5852583.0,1271831.0,0.0,-81.4717,296.308,190.453,2009-01-13 00:22:07,0.5,107.4250307,118.0,-81.4717,296.308,Inca_City_Ridges,1.3132394626099475,-81.46,296.3,2009-01-13 00:22:07,29,0.5743631881676253,699.0,1217.0
ESP_011623_0985,Inca_City_Ridges,ESP_011623_0985,0.17591486114558136,0.29919659485246125,0.4532263073547034,0.47967246787625306,0.21740018135527175,1187245.0,40164432.0,4273859.0,1287871.0,0.0,-81.4675,296.307,193.452,2009-01-18 03:47:44,0.5,109.312533,108.0,-81.4675,296.307,Inca_City_Ridges,0.8455197750341775,-81.46,296.3,2009-01-18 03:47:44,29,0.5983193277310924,712.0,1190.0
ESP_011702_0985,Inca_City_Ridges,ESP_011702_0985,0.2227812864155453,0.36438452058520654,0.5298969420489273,0.5260180985549059,0.27873538188663594,1798428.0,54425808.0,4653670.0,1620519.0,0.0,-81.4668,296.29900000000004,197.07299999999998,2009-01-24 07:32:01,0.5,105.9372324,144.0,-81.4668,296.2990000000001,Inca_City_Ridges,0.7595308646556969,-81.46,296.3,2009-01-24 07:32:00,29,0.6513217866909754,1429.0,2194.0
ESP_011900_0985,Inca_City_Ridges,ESP_011900_0985,0.3246224963593414,0.4901358647487115,0.6204612510058327,0.6400449466150919,0.39712308827676135,3406805.0,52003808.0,5171908.0,1915954.0,0.0,-81.4783,296.123,206.291,2009-02-08 17:48:40,0.5,111.3597383,144.0,-81.4783,296.123,Inca_City_Ridges,3.5742810512436325,-81.46,296.3,2009-02-08 17:48:40,29,0.5103976650857351,1399.0,2741.0
ESP_012322_0985,Inca_City_Ridges,ESP_012322_0985,0.36271144586070264,0.5323378576769939,0.8884769662286859,0.565747802524219,0.5026538912372637,5616734.0,134827312.0,5557424.0,4311248.0,0.0,-81.4701,296.32099999999997,226.52200000000002,2009-03-13 14:58:47,0.25,113.0754965,360.0,-81.4701,296.321,Inca_City_Ridges,1.180350920458685,-81.46,296.3,2009-03-13 14:58:47,29,0.6060606060606061,1740.0,2871.0
ESP_012691_0985,Inca_City_Ridges,ESP_012691_0985,0.21657207932160638,0.3560365768748743,1.1775232656447576,0.3291985611600848,0.38763896478277854,736352.0,35720808.0,1163230.0,1500450.0,0.0,-81.4657,296.3,244.65,2009-04-11 09:03:56,0.5,107.0862915,90.0,-81.4657,296.3,Inca_City_Ridges,0.6365138734619845,-81.46,296.3,2009-04-11 09:03:56,29,0.3302197802197802,601.0,1820.0
ESP_012889_0985,Inca_City_Ridges,ESP_012889_0985,0.46856621330093784,0.6381274593642302,1.2494201192845817,0.5744331804836686,0.7177083728809269,1587947.0,27939344.0,624577.0,1176425.0,0.0,-81.4608,296.29400000000004,254.442,2009-04-26 19:20:37,0.5,112.6197415,72.0,-81.4608,296.2940000000001,Inca_City_Ridges,0.13372536999925255,-81.46,296.3,2009-04-26 19:20:37,29,0.37358490566037733,594.0,1590.0
ESP_020115_0985,Inca_City_Ridges,ESP_020115_0985,0.30456354534216884,0.46692021470259015,0.5960318905050942,0.6251507384573831,0.3726097764934097,2620028.0,53895864.0,4411532.0,1571006.0,0.0,-81.4674,296.311,178.951,2010-11-10 20:35:38,0.5,110.2733344,144.0,-81.4674,296.311,Inca_City_Ridges,0.8462338548962437,-81.46,296.3,2010-11-10 20:35:38,30,0.7481857764876633,1031.0,1378.0
ESP_020339_0985,Inca_City_Ridges,ESP_020339_0985,0.21959069657034586,0.3601055619526528,0.7068000254294156,0.4347963781726275,0.3073140911490309,3108258.0,64794668.0,7006013.0,4040509.0,0.0,-81.46600000000001,296.297,188.90099999999998,2010-11-28 07:31:14,0.5,106.0251533,182.0,-81.46600000000002,296.297,Inca_City_Ridges,0.6718582448024885,-81.46,296.3,2010-11-28 07:31:14,30,0.534076296613802,1246.0,2333.0
ESP_020827_0985,Inca_City_Ridges,ESP_020827_0985,0.39742165633497767,0.5687927541888778,0.807682856125419,0.6365102977225586,0.514098455217797,698740.0,13984937.0,660416.0,399027.0,0.0,-81.4052,296.163,211.519,2011-01-05 08:08:26,0.5,109.1303499,36.0,-81.4052,296.163,Inca_City_Ridges,6.530196237731477,-81.46,296.3,2011-01-05 08:08:26,30,0.6812585499316005,498.0,731.0
ESP_021526_0985,Inca_City_Ridges,ESP_021526_0985,0.2665963129845577,0.4209649282119899,0.8193843033689586,0.46736127328086063,0.3829484913288675,1362911.0,57386104.0,2196082.0,1553272.0,0.0,-81.4537,296.28,245.55900000000003,2011-02-28 19:22:10,0.5,112.98328290000002,144.0,-81.4537,296.28,Inca_City_Ridges,0.7778451092372289,-81.46,296.3,2011-02-28 19:22:10,30,0.48767788962165914,1405.0,2881.0
ESP_021605_0985,Inca_City_Ridges,ESP_021605_0985,0.4019973552538108,0.5734637854306581,1.0099862446280221,0.5706287222418861,0.5763271602539692,5932804.0,135554432.0,4361356.0,4464156.0,0.0,-81.4806,296.342,249.46599999999998,2011-03-06 23:07:00,0.25,110.6804414,360.0,-81.4806,296.342,Inca_City_Ridges,2.4032965271252125,-81.46,296.3,2011-03-06 23:07:00,30,0.6680942184154176,2184.0,3269.0
ESP_021671_0985,Inca_City_Ridges,ESP_021671_0985,0.44044641511101407,0.6115415248115957,0.9999696250992918,0.6115508128502665,0.6115322370550481,8133657.0,171411808.0,5166798.0,5166394.0,0.0,-81.4608,296.295,252.73,2011-03-12 02:33:15,0.25,112.6307284,455.0,-81.4608,296.295,Inca_City_Ridges,0.1218891297286327,-81.46,296.3,2011-03-12 02:33:15,30,0.630461018585566,2612.0,4143.0
ESP_021684_0985,Inca_City_Ridges,ESP_021684_0985,0.4193862702848894,0.5909403073117157,0.9623092187670188,0.6025129656239637,0.5798037812465963,13627337.0,232351856.0,9876022.0,8990162.0,0.0,-81.4565,296.283,253.373,2011-03-13 02:52:03,0.25,107.4770975,635.0,-81.4565,296.283,Inca_City_Ridges,0.4819600868769212,-81.46,296.3,2011-03-13 02:52:03,30,0.6606824925816024,4453.0,6740.0
ESP_021829_0985,Inca_City_Ridges,ESP_021829_0985,0.3927067193432075,0.5639474756442702,0.8416576747031502,0.6169956193983784,0.5192990983248691,6773766.0,77285608.0,6270289.0,4204863.0,0.0,-81.4585,296.284,260.539,2011-03-24 10:02:30,0.5,105.8237721,218.0,-81.4585,296.284,Inca_City_Ridges,0.31382839410212193,-81.46,296.3,2011-03-24 10:02:30,30,0.5211148648648649,2468.0,4736.0
ESP_011350_0945,Ithaca,ESP_011350_0945,0.5106459697684886,0.6760630617466867,1.0720506309735405,0.6533445591081884,0.7004184468350629,3074533.0,48685068.0,1315033.0,1631304.0,0.0,-85.21600000000001,181.415,181.205,2008-12-27 21:14:01,0.5,99.6727932,126.0,-85.21600000000002,181.415,Ithaca,11.906674525625851,-85.12799999999999,180.7,2008-12-27 21:14:00,29,0.8637413394919169,1496.0,1732.0
ESP_011351_0945,Ithaca,ESP_011351_0945,0.3370081974732782,0.5041228589475626,0.7104673415162925,0.6068439996842954,0.4311428431708152,1322466.0,38048952.0,1744884.0,856786.0,0.0,-85.2157,181.548,181.24900000000002,2008-12-27 23:05:54,1.0,127.9606881,91.0,-85.2157,181.548,Ithaca,12.628671611218412,-85.12799999999999,180.7,2008-12-27 23:05:54,29,0.7349268640742062,2060.0,2803.0
ESP_011403_0945,Ithaca,ESP_011403_0945,0.5204976100954175,0.684641142004497,1.009815669330021,0.6813136975689681,0.6880012475343191,4050134.0,63318856.0,1836678.0,1894461.0,0.0,-85.2394,181.03799999999998,183.549,2009-01-01 00:21:03,0.5,106.4722037,164.0,-85.2394,181.038,Ithaca,12.83917650976371,-85.12799999999999,180.7,2009-01-01 00:21:03,29,0.8056648308418568,1024.0,1271.0
ESP_011404_0945,Ithaca,ESP_011404_0945,0.5176178614457041,0.6821451889774334,0.919799512269933,0.7118844833176188,0.6547910005480789,3155208.0,35877512.0,1663441.0,1276983.0,0.0,-85.236,181.105,183.59400000000002,2009-01-01 02:12:52,1.0,134.1302774,91.0,-85.236,181.105,Ithaca,12.646225576543523,-85.12799999999999,180.7,2009-01-01 02:12:52,29,0.8115796519410977,2425.0,2988.0
ESP_011931_0945,Ithaca,ESP_011931_0945,0.6958109256343064,0.820623237079385,1.1785276322199993,0.7584677476978915,0.893875198809632,7324206.0,36387240.0,869562.0,2332376.0,0.0,-85.21,181.482,207.75099999999998,2009-02-11 03:45:55,0.5,122.7044752,108.0,-85.21,181.482,Ithaca,11.746301178081168,-85.12799999999999,180.7,2009-02-11 03:45:54,29,0.7814088598402323,1076.0,1377.0
ESP_012063_0945,Ithaca,ESP_012063_0945,0.6803065238953823,0.8097409778761757,1.1234338252299818,0.7652570821183364,0.859715691048537,23188188.0,116228120.0,3783738.0,7112986.0,0.0,-85.2101,181.495,214.02,2009-02-21 10:37:05,0.25,127.54239579999998,360.0,-85.2101,181.495,Ithaca,11.831856728934047,-85.12799999999999,180.7,2009-02-21 10:37:04,29,0.819377990430622,1370.0,1672.0
ESP_012076_0945,Ithaca,ESP_012076_0945,0.6866639388717997,0.8142273455985735,1.1121228493287771,0.7731826353625203,0.8598740754908989,23179168.0,116556800.0,3777300.0,6799735.0,0.0,-85.2099,181.47,214.641,2009-02-22 10:55:51,0.25,122.2758366,360.0,-85.2099,181.47,Ithaca,11.667243976287725,-85.12799999999999,180.7,2009-02-22 10:55:51,29,0.7943301834352418,1429.0,1799.0
ESP_012643_0945,Ithaca,ESP_012643_0945,0.6077753336756975,0.756045102752262,1.325744925958753,0.6631622822355588,0.8791840307610187,20199756.0,117077112.0,2775816.0,10259992.0,0.0,-85.2084,181.465,242.27900000000002,2009-04-07 15:16:44,0.25,122.2169662,360.0,-85.2084,181.465,Ithaca,11.507606118094078,-85.12799999999999,180.7,2009-04-07 15:16:44,29,0.7255339496334077,2276.0,3137.0
ESP_012854_0945,Ithaca,ESP_012854_0945,0.6346867384425006,0.7765239951077335,1.145320378238446,0.7272605912495722,0.832946375447876,4766823.0,23817756.0,956022.0,1787668.0,0.0,-85.2857,181.101,252.71,2009-04-24 01:52:17,0.5,121.484434,72.0,-85.2857,181.101,Ithaca,18.00600510175314,-85.12799999999999,180.7,2009-04-24 01:52:17,29,0.5785601681555439,1101.0,1903.0
ESP_012858_0855,Ithaca,ESP_012858_0855,0.6083089790933833,0.7564578535603178,1.2979763994186526,0.6696278512517925,0.8691611473182507,4332146.0,24206626.0,652138.0,2137337.0,0.0,-85.2751,181.15599999999998,252.907,2009-04-24 09:18:42,0.5,230.0676682,72.0,-85.2751,181.156,Ithaca,16.97232467545895,-85.12799999999999,180.7,2009-04-24 09:18:42,29,0.5438362260792168,1222.0,2247.0
ESP_020146_0950,Ithaca,ESP_020146_0950,0.41100877136140823,0.582574367648824,0.8464075693650541,0.6354324802126823,0.5378348610724243,2315115.0,27594328.0,1989394.0,1328254.0,0.0,-85.1344,180.71900000000002,180.31099999999998,2010-11-13 06:33:03,1.0,120.39651940000002,72.0,-85.1344,180.719,Ithaca,0.7371331111906257,-85.12799999999999,180.7,2010-11-13 06:33:03,30,0.796,3184.0,4000.0
ESP_020357_0950,Ithaca,ESP_020357_0950,0.3223650340232107,0.48755831518387294,1.1956004175265105,0.447676006420639,0.5352416201931167,4748798.0,110973512.0,4123453.0,5858869.0,0.0,-85.1337,180.71400000000003,189.713,2010-11-29 17:09:47,0.5,121.4807148,290.0,-85.1337,180.71400000000003,Ithaca,0.650298021525186,-85.12799999999999,180.7,2010-11-29 17:09:47,30,0.5763792625450513,2079.0,3607.0
ESP_020476_0950,Ithaca,ESP_020476_0950,0.6978016366173977,0.8220060831224754,1.14398166869417,0.7702771914961651,0.8811829868848416,8382996.0,34899888.0,1130347.0,2500094.0,0.0,-85.1377,180.774,195.125,2010-12-08 23:42:40,0.5,130.31880900000002,108.0,-85.1377,180.774,Ithaca,1.290512189374924,-85.12799999999999,180.7,2010-12-08 23:42:40,30,0.8221823080377189,1831.0,2227.0
ESP_020568_0950,Ithaca,ESP_020568_0950,0.7135580809265601,0.8328379552791385,1.007422619916947,0.8297698091643759,0.8359288750763606,12775287.0,29009704.0,2507457.0,2620895.0,0.0,-85.1374,180.743,199.362,2010-12-16 03:45:58,0.5,122.2170131,108.0,-85.1374,180.743,Ithaca,1.1261603633763193,-85.12799999999999,180.7,2010-12-16 03:45:58,30,0.9035490605427975,2164.0,2395.0
ESP_020779_0950,Ithaca,ESP_020779_0950,0.6471024127855474,0.7857464378059484,1.0240923643310285,0.7765038516433903,0.7952116653416298,36348664.0,94141296.0,9360755.0,10462003.0,0.0,-85.1362,180.735,209.24099999999999,2011-01-01 14:21:25,0.25,123.7279605,360.0,-85.1362,180.735,Ithaca,0.9740522060402399,-85.12799999999999,180.7,2011-01-01 14:21:25,30,0.8495184590690209,2117.0,2492.0
ESP_021491_0950,Ithaca,ESP_021491_0950,0.638315383612695,0.7792338485114614,1.1430233811308859,0.7304821316564003,0.8349581559815955,29068280.0,86032288.0,5745775.0,10724999.0,0.0,-85.1591,180.857,243.829,2011-02-26 01:54:01,0.25,122.7347364,315.0,-85.1591,180.857,Ithaca,3.77737881940101,-85.12799999999999,180.7,2011-02-26 01:54:01,30,0.8032426490794174,2923.0,3639.0
ESP_011406_0945,Macclesfield,ESP_011406_0945,0.39580776691342384,0.5671379344573803,1.741921910996255,0.44635982796624696,0.7775239645229244,1679748.0,50462008.0,480633.0,2083467.0,0.0,-85.4086,103.92399999999999,183.683,2009-01-01 05:57:35,0.5,111.3462666,126.0,-85.4086,103.924,Macclesfield,0.8734135814411791,-85.40100000000002,103.90100000000001,2009-01-01 05:57:35,29,0.6579292267365662,502.0,763.0
ESP_011407_0945,Macclesfield,ESP_011407_0945,0.439697061506547,0.610818863582917,1.0501998682084004,0.5962202012809604,0.6261503768084506,1593507.0,38348992.0,951420.0,1079175.0,0.0,-85.4065,103.98299999999999,183.727,2009-01-01 07:49:16,1.0,138.75463019999998,91.0,-85.4065,103.983,Macclesfield,0.957066375782188,-85.40100000000002,103.90100000000001,2009-01-01 07:49:15,29,0.5959554271564177,1444.0,2423.0
ESP_011723_0945,Macclesfield,ESP_011723_0945,0.33305139670128164,0.4996827542065339,0.620686484711855,0.6523656518492401,0.40491454319306264,5571005.0,108977672.0,8187466.0,2968692.0,0.0,-85.4056,103.949,198.04,2009-01-25 22:46:54,0.5,126.4714075,290.0,-85.4056,103.949,Macclesfield,0.6697395033868978,-85.40100000000002,103.90100000000001,2009-01-25 22:46:54,29,0.8101742816768723,1720.0,2123.0
ESP_011934_0945,Macclesfield,ESP_011934_0945,0.4794450231170629,0.6481417229102757,0.9596192320968374,0.6617786215914364,0.6350554926696778,4926965.0,36637072.0,2831357.0,2518070.0,0.0,-85.4049,103.948,207.892,2009-02-11 09:22:23,0.5,127.006957,108.0,-85.4049,103.948,Macclesfield,0.6055958991911836,-85.40100000000002,103.90100000000001,2009-02-11 09:22:23,29,0.7244157937147462,899.0,1241.0
ESP_012079_0945,Macclesfield,ESP_012079_0945,0.33733675623471027,0.5044903533532312,0.6064516608744726,0.6681813589333346,0.40521969489048293,17221260.0,176310544.0,25277318.0,8552072.0,0.0,-85.4074,103.97,214.785,2009-02-22 16:32:19,0.25,126.8568831,545.0,-85.4074,103.97,Macclesfield,0.9445883343794998,-85.40100000000002,103.90100000000001,2009-02-22 16:32:19,29,0.7982456140350878,1183.0,1482.0
ESP_012290_0945,Macclesfield,ESP_012290_0945,0.24550918041587874,0.3942310043291053,0.5148361963684094,0.579985843022561,0.2985977053692606,7521761.0,119675352.0,17668524.0,5447109.0,0.0,-85.4117,104.00299999999999,224.96400000000003,2009-03-11 03:07:04,0.25,127.31453940000002,360.0,-85.4117,104.003,Macclesfield,1.5035398874403922,-85.40100000000002,103.90100000000001,2009-03-11 03:07:04,29,0.6483739837398373,319.0,492.0
ESP_012501_0945,Macclesfield,ESP_012501_0945,0.3626184780560515,0.5322377230248233,0.643224046131097,0.6798454053396823,0.43729291236622614,3433118.0,37445728.0,4417725.0,1616733.0,0.0,-85.4067,103.961,235.282,2009-03-27 13:42:40,0.5,126.8329462,108.0,-85.4067,103.961,Macclesfield,0.832856958970997,-85.40100000000002,103.90100000000001,2009-03-27 13:42:40,29,0.6705508474576272,1266.0,1888.0
ESP_020242_0945,Macclesfield,ESP_020242_0945,0.44202635927343953,0.6130628007329257,0.9075753847011079,0.6442789919534835,0.5847317539770247,503716.0,15515959.0,357732.0,278113.0,0.0,-85.4056,104.006,184.55700000000002,2010-11-20 18:05:00,1.0,143.67489519999995,36.0,-85.4056,104.006,Macclesfield,1.0711213957449135,-85.40100000000002,103.90100000000001,2010-11-20 18:05:00,30,0.5747330960854092,323.0,562.0
ESP_020294_0945,Macclesfield,ESP_020294_0945,0.3851455106871682,0.5561083766514873,1.4014913418873245,0.47645297968131545,0.6677447258397808,1667412.0,42584068.0,829668.0,1832224.0,0.0,-85.4105,103.986,186.87900000000002,2010-11-24 19:20:25,0.5,124.6491131,108.0,-85.4105,103.986,Macclesfield,1.3053897646598376,-85.40100000000002,103.90100000000001,2010-11-24 19:20:25,30,0.6895043731778425,473.0,686.0
ESP_020571_0945,Macclesfield,ESP_020571_0945,0.33858093312548704,0.5058804062522028,0.7286118955305603,0.600093749036734,0.43723544398169506,1693722.0,41910864.0,2179985.0,1128707.0,0.0,-85.4078,103.97200000000001,199.50099999999998,2010-12-16 09:22:25,0.5,127.2999849,108.0,-85.4078,103.972,Macclesfield,0.9902019772805392,-85.40100000000002,103.90100000000001,2010-12-16 09:22:25,30,0.7540106951871658,564.0,748.0
ESP_020716_0945,Macclesfield,ESP_020716_0945,0.3426139468254537,0.5103685205051652,0.5905599764127791,0.6872898387623908,0.4058858709682603,4647502.0,99265120.0,6802766.0,2114568.0,0.0,-85.4086,103.979,206.269,2010-12-27 16:32:24,0.25,127.1110807,270.0,-85.4086,103.979,Macclesfield,1.0989280931382326,-85.40100000000002,103.90100000000001,2010-12-27 16:32:24,30,0.8823529411764706,390.0,442.0
ESP_020782_0945,Macclesfield,ESP_020782_0945,0.3504283338214154,0.518988420258897,0.6485449697876686,0.6596117381620937,0.4277878747979266,5451786.0,97271944.0,7292348.0,2813358.0,0.0,-85.4071,103.96700000000001,209.38299999999998,2011-01-01 19:57:51,0.25,129.0586044,270.0,-85.4071,103.967,Macclesfield,0.9016959714817674,-85.40100000000002,103.90100000000001,2011-01-01 19:57:51,30,0.8402948402948403,342.0,407.0
ESP_020927_0945,Macclesfield,ESP_020927_0945,0.2900223401336675,0.449639270214365,0.5298287409731811,0.6491447381475297,0.343935539322071,5594256.0,93540192.0,10671164.0,3023631.0,0.0,-85.4075,103.96600000000001,216.293,2011-01-13 03:07:18,0.25,127.52361090000002,270.0,-85.4075,103.966,Macclesfield,0.9302699357806922,-85.40100000000002,103.90100000000001,2011-01-13 03:07:18,30,0.7615894039735099,230.0,302.0
ESP_021494_0945,Macclesfield,ESP_021494_0945,0.3291854377264066,0.4953190553900194,0.7374494226493398,0.583492087988128,0.4302959034073028,4204389.0,137540960.0,5566536.0,3001174.0,0.0,-85.4041,103.943,243.97799999999998,2011-02-26 07:30:27,0.25,127.8486584,360.0,-85.4041,103.943,Macclesfield,0.5111329944585715,-85.40100000000002,103.90100000000001,2011-02-26 07:30:27,30,0.7678456591639872,2388.0,3110.0
ESP_011394_0935,Manhattan_Classic,ESP_011394_0935,0.45868524215513534,0.6289022866611724,1.0749520898173726,0.6069768719739991,0.652471056999262,894744.0,31276358.0,476572.0,579355.0,0.0,-86.3917,99.0685,183.15,2008-12-31 07:30:26,1.0,139.3590806,72.0,-86.3917,99.0685,Manhattan_Classic,0.5177013075275594,-86.39,99.0,2008-12-31 07:30:26,29,0.7381386861313869,809.0,1096.0
ESP_011671_0935,Manhattan_Classic,ESP_011671_0935,0.3182334968951925,0.4828181011098885,0.6420093821924313,0.6174301138773273,0.39639592595738543,2907379.0,69813408.0,4427154.0,1801460.0,0.0,-86.3902,99.0714,195.64700000000002,2009-01-21 21:31:47,0.5,141.96642590000005,182.0,-86.3902,99.0714,Manhattan_Classic,0.5026163978643332,-86.39,99.0,2009-01-21 21:31:47,29,0.7831858407079646,354.0,452.0
ESP_011961_0935,Manhattan_Classic,ESP_011961_0935,0.2667054001686472,0.4211009128612517,0.43836961076096714,0.6908539520701403,0.30284937806166323,3170154.0,42819584.0,7297604.0,1418593.0,0.0,-86.3925,99.0882,209.169,2009-02-13 11:51:33,0.5,139.3151668,126.0,-86.3925,99.0882,Manhattan_Classic,0.6800371265813305,-86.39,99.0,2009-02-13 11:51:33,29,0.7295081967213115,267.0,366.0
ESP_012251_0935,Manhattan_Classic,ESP_012251_0935,0.0517243915284949,0.0983611142712449,0.07638285046472398,0.6930496565002185,0.05293710827708452,2194356.0,107889264.0,39257776.0,971876.0,0.0,-86.3968,99.1505,223.07,2009-03-08 02:10:48,0.25,137.97802119999997,360.0,-86.3968,99.1505,Manhattan_Classic,1.3019085935600283,-86.39,99.0,2009-03-08 02:10:48,29,0.8018867924528302,85.0,106.0
ESP_012739_0935,Manhattan_Classic,ESP_012739_0935,0.3588270377442267,0.5281423283126768,0.9634001481322756,0.5381744686537352,0.5184773628220173,1224334.0,35708712.0,1137069.0,1050642.0,0.0,-86.3932,99.1192,247.02200000000002,2009-04-15 02:48:04,0.5,139.88465980000004,90.0,-86.3932,99.1192,Manhattan_Classic,0.9109650011513956,-86.39,99.0,2009-04-15 02:48:04,29,0.44227642276422763,816.0,1845.0
ESP_012884_0935,Manhattan_Classic,ESP_012884_0935,0.3566490870242495,0.5257794228963714,0.5908045634980649,0.7078587040565963,0.4182061526684633,2557863.0,31948904.0,3558410.0,1055659.0,0.0,-86.3912,99.0617,254.19400000000002,2009-04-26 09:57:50,0.5,138.54395369999997,90.0,-86.3912,99.0617,Manhattan_Classic,0.4540754155779863,-86.39,99.0,2009-04-26 09:57:50,29,0.5284280936454849,474.0,897.0
ESP_013016_0935,Manhattan_Classic,ESP_013016_0935,0.09898136492595272,0.18013290978960805,0.1315210200399343,0.7748730333588701,0.10191209174879663,1898480.0,27733212.0,16730125.0,551573.0,0.0,-86.3928,99.126,260.715,2009-05-06 16:48:27,0.5,142.209092,108.0,-86.3928,99.126,Manhattan_Classic,0.9393601691157136,-86.39,99.0,2009-05-06 16:48:27,29,0.8131313131313131,161.0,198.0
ESP_013095_0935,Manhattan_Classic,ESP_013095_0935,0.029146634024495497,0.05664233465063591,0.04045233673375536,0.7284331908091288,0.029466824722654748,563226.0,27589504.0,18550676.0,209976.0,0.0,-86.3918,99.0704,264.60900000000004,2009-05-12 20:32:13,0.5,138.8586116,108.0,-86.3918,99.0704,Manhattan_Classic,0.5342475511427369,-86.39,99.0,2009-05-12 20:32:13,29,0.574468085106383,27.0,47.0
ESP_020202_0935,Manhattan_Classic,ESP_020202_0935,0.49002035063459,0.6577364536341984,0.8575410215030632,0.712369678725105,0.6108862219817355,837704.0,19088870.0,533589.0,338236.0,0.0,-86.3737,99.448,182.78099999999998,2010-11-17 15:16:30,1.0,127.7292466,45.0,-86.3737,99.448,Manhattan_Classic,3.6449444261234665,-86.39,99.0,2010-11-17 15:16:30,30,0.816,510.0,625.0
ESP_020214_0935,Manhattan_Classic,ESP_020214_0935,0.46507067057579526,0.6348781392136058,1.1169345270250604,0.6016446894763018,0.6719977266773525,1362132.0,56106212.0,664857.0,901882.0,0.0,-86.4047,98.9958,183.313,2010-11-18 13:43:24,0.5,94.3493,136.0,-86.4047,98.9958,Manhattan_Classic,1.6421005555871335,-86.39,99.0,2010-11-18 13:43:23,30,0.8421052631578947,384.0,456.0
ESP_020321_0935,Manhattan_Classic,ESP_020321_0935,0.3072208776396892,0.47003667535421484,2.130631774210857,0.3453228682495727,0.7357558754541692,2399631.0,39102532.0,861819.0,4549318.0,0.0,-86.3953,99.0885,188.09099999999998,2010-11-26 21:49:40,0.5,136.9138252,108.0,-86.3953,99.0885,Manhattan_Classic,0.8586119813403763,-86.39,99.0,2010-11-26 21:49:39,30,0.5763293310463122,336.0,583.0
ESP_020519_0935,Manhattan_Classic,ESP_020519_0935,0.37719439181105624,0.5477721867789965,0.8111372609491607,0.6115429938615683,0.49604530899352195,3692910.0,52708056.0,3751793.0,2345766.0,0.0,-86.3977,99.1586,197.1,2010-12-12 08:07:09,0.5,142.7354267,144.0,-86.3977,99.1586,Manhattan_Classic,1.407496407786367,-86.39,99.0,2010-12-12 08:07:08,30,0.8229461756373938,581.0,706.0
ESP_020598_0935,Manhattan_Classic,ESP_020598_0935,0.3514563327893833,0.5201149667395961,0.6138257728993051,0.6837240917975598,0.41968746909751253,3734782.0,36286752.0,5164178.0,1727629.0,0.0,-86.39399999999999,99.075,200.753,2010-12-18 11:51:36,0.5,139.50176430000002,108.0,-86.39399999999998,99.075,Manhattan_Classic,0.6910063596509165,-86.39,99.0,2010-12-18 11:51:36,30,0.8324420677361853,467.0,561.0
ESP_020954_0935,Manhattan_Classic,ESP_020954_0935,0.09086751219171174,0.16659679650923934,0.1591503670673481,0.6066927046241971,0.09655536663802315,3535435.0,73922000.0,33080188.0,2291955.0,0.0,-86.41,99.355,217.59,2011-01-15 05:36:33,0.25,140.4021491,270.0,-86.41,99.355,Manhattan_Classic,3.3448978825520364,-86.39,99.0,2011-01-15 05:36:33,30,0.7733333333333333,116.0,150.0
ESP_021455_0935,Manhattan_Classic,ESP_021455_0935,0.2852607585350142,0.4438955389257578,0.542237838105861,0.6312658838869558,0.3422962481488484,5646917.0,111775808.0,10850246.0,3298469.0,0.0,-86.3962,99.1061,242.05200000000002,2011-02-23 06:34:10,0.25,138.52984640000003,315.0,-86.3962,99.1061,Manhattan_Classic,1.0175131230379215,-86.39,99.0,2011-02-23 06:34:09,30,0.74687903572966,1735.0,2323.0
ESP_021495_0935,Manhattan_Classic,ESP_021495_0935,0.3623358518992425,0.5319332254144342,0.8242679919095541,0.5886366852051933,0.48519437847838104,8266441.0,167064848.0,8770939.0,5776926.0,0.0,-86.3812,99.2117,244.02700000000002,2011-02-26 09:22:03,0.25,150.8459437,455.0,-86.3812,99.2117,Manhattan_Classic,1.7854985725627042,-86.39,99.0,2011-02-26 09:22:03,30,0.7482768127929418,2714.0,3627.0
ESP_022260_0935,Manhattan_Classic,ESP_022260_0935,0.006766495826662751,0.01344203617166806,0.04578253580209759,0.1535241159938817,0.007028723336975272,29007.0,108542912.0,4097916.0,159934.0,0.0,-86.3956,99.1226,281.619,2011-04-27 00:01:16,0.25,156.5003603,270.0,-86.3956,99.1226,Manhattan_Classic,1.0646365711545285,-86.39,99.0,2011-04-27 00:01:16,30,0.6744186046511628,29.0,43.0
ESP_012821_0865,Manhattan_Cracks,ESP_012821_0865,0.2608040716880827,0.4137107065951869,1.4554060652307417,0.34898431526862816,0.5079138891123588,637661.0,28883236.0,617790.0,1189530.0,0.0,-86.2466,99.0862,251.077,2009-04-21 12:07:35,0.5,218.1987059,72.0,-86.2466,99.0862,Manhattan_Cracks,0.7355799001938086,-86.25,99.0,2009-04-21 12:07:35,29,0.25303564433999215,646.0,2553.0
ESP_020255_0935,Manhattan_Cracks,ESP_020255_0935,0.4597239268468253,0.6298779082697956,0.9516258421068231,0.6458872535606976,0.6146430015757621,2509261.0,57040352.0,1573208.0,1375722.0,0.0,-86.2587,99.1118,185.136,2010-11-21 18:23:43,0.5,134.937538,144.0,-86.2587,99.1118,Manhattan_Cracks,1.2687198073295798,-86.25,99.0,2010-11-21 18:23:43,30,0.853763440860215,397.0,465.0
ESP_020532_0935,Manhattan_Cracks,ESP_020532_0935,0.3267607254318218,0.49256918624188356,0.6608997346603268,0.6189350576388631,0.40905401536549874,1385920.0,27086876.0,2002190.0,853281.0,0.0,-86.2599,99.1428,197.699,2010-12-13 08:25:57,0.5,137.7265198,72.0,-86.2599,99.1428,Manhattan_Cracks,1.5191882303585935,-86.25,99.0,2010-12-13 08:25:57,30,0.765625,147.0,192.0
ESP_020888_0935,Manhattan_Cracks,ESP_020888_0935,0.19392090677531273,0.32484717407820773,0.30062506037154885,0.7027098387519888,0.21125218769849796,3300184.0,95811232.0,12321827.0,1396184.0,0.0,-86.2597,99.1361,214.426,2011-01-10 02:11:01,0.25,138.253255,270.0,-86.2597,99.1361,Manhattan_Cracks,1.4695686381854558,-86.25,99.0,2011-01-10 02:11:01,30,0.7716535433070866,98.0,127.0
ESP_021468_0935,Manhattan_Cracks,ESP_021468_0935,0.27612670328927197,0.4327575037455817,0.5824640122247622,0.5878673714809225,0.3424115878488029,4630335.0,114802616.0,8892382.0,3246161.0,0.0,-86.2535,99.0316,242.69299999999998,2011-02-24 06:52:52,0.25,133.1745114,315.0,-86.2535,99.0316,Manhattan_Cracks,0.4539264111623604,-86.25,99.0,2011-02-24 06:52:52,30,0.6941838649155723,4070.0,5863.0
ESP_022339_0935,Manhattan_Cracks,ESP_022339_0935,0.004792221800545571,0.009538731882215629,0.019972548149291752,0.24356543269521105,0.004864622332008182,20166.0,127363712.0,4125274.0,62629.0,0.0,-86.2751,99.6123,285.423,2011-05-03 03:45:55,0.25,153.7681638,315.0,-86.2751,99.6123,Manhattan_Cracks,5.266090136509137,-86.25,99.0,2011-05-03 03:45:55,30,0.7241379310344828,21.0,29.0
ESP_011711_0930,Manhattan_Frontinella,ESP_011711_0930,0.17728276882212438,0.30117279130738733,0.3546611949944437,0.5751786481442792,0.20399354668613875,2199723.0,89919184.0,8583574.0,1624694.0,0.0,-87.0015,98.93299999999999,197.486,2009-01-25 00:19:38,0.5,153.84598530000005,236.0,-87.0015,98.933,Manhattan_Frontinella,1.7585187766106658,-86.98700000000002,99.05,2009-01-25 00:19:38,29,0.7651331719128329,316.0,413.0
ESP_011856_0930,Manhattan_Frontinella,ESP_011856_0930,0.05299072378901057,0.10064804006552695,0.09357675694235963,0.5881073508203597,0.055033178623731825,1071284.0,58732980.0,18394864.0,750295.0,0.0,-86.9757,98.0414,204.22400000000002,2009-02-05 07:29:24,0.5,151.50346340000004,182.0,-86.9757,98.0414,Manhattan_Frontinella,6.065130720319043,-86.98700000000002,99.05,2009-02-05 07:29:23,29,0.7616580310880829,147.0,193.0
ESP_012634_0930,Manhattan_Frontinella,ESP_012634_0930,0.027367341905783486,0.05327664368816048,0.04700091953567639,0.5934000385773078,0.027890347465639304,366094.0,65572360.0,12760096.0,250849.0,0.0,-87.0034,98.9935,241.834,2009-04-06 22:25:51,0.5,153.03994550000004,182.0,-87.0034,98.9935,Manhattan_Frontinella,1.8613611380604291,-86.98700000000002,99.05,2009-04-06 22:25:51,29,0.8631346578366446,391.0,453.0
ESP_012779_0930,Manhattan_Frontinella,ESP_012779_0930,0.019977100386682066,0.039171664499347246,0.0378555472639409,0.5369692453889681,0.02032726464810476,99451.0,41935136.0,4793042.0,85757.0,0.0,-87.0014,98.9119,249.0,2009-04-18 05:35:59,0.5,151.7168826,108.0,-87.0014,98.9119,Manhattan_Frontinella,1.8002745037698076,-86.98700000000002,99.05,2009-04-18 05:35:59,29,0.8199052132701422,173.0,211.0
ESP_012990_0930,Manhattan_Frontinella,ESP_012990_0930,0.022522959981556998,0.04405369861644171,0.03863283863244924,0.5921855777069591,0.022877809864016684,599277.0,123705408.0,25595408.0,412698.0,0.0,-87.0001,98.8753,259.432,2009-05-04 16:10:56,0.25,153.852488,360.0,-87.0001,98.8753,Manhattan_Frontinella,1.7855465353794655,-86.98700000000002,99.05,2009-05-04 16:10:56,29,0.9782608695652174,90.0,92.0
ESP_020176_0930,Manhattan_Frontinella,ESP_020176_0930,0.3309229153347338,0.49728336858863836,0.6405554726837245,0.6368074168460829,0.4079104759063442,144931.0,20360432.0,210370.0,82659.0,0.0,-86.9964,99.5592,181.632,2010-11-15 14:38:44,1.0,137.9271715,45.0,-86.9964,99.5592,Manhattan_Frontinella,3.1640385967987754,-86.98700000000002,99.05,2010-11-15 14:38:44,30,0.891156462585034,131.0,147.0
ESP_020282_0930,Manhattan_Frontinella,ESP_020282_0930,0.1455747052696059,0.25415139597612807,0.2541072447785162,0.6271625731136636,0.1593665534821178,411847.0,36291700.0,2172428.0,244836.0,0.0,-86.9894,99.4521,186.34099999999998,2010-11-23 20:53:04,0.5,152.4228486,90.0,-86.9894,99.4521,Manhattan_Frontinella,2.3749066673388235,-86.98700000000002,99.05,2010-11-23 20:53:04,30,0.935,187.0,200.0
ESP_020427_0930,Manhattan_Frontinella,ESP_020427_0930,0.21456374082085336,0.3533182057219033,0.7651953481666587,0.40752708093244866,0.31183782658144715,778684.0,35491628.0,1718396.0,1132070.0,0.0,-86.9902,99.4789,192.887,2010-12-05 04:03:39,0.5,151.3358691,90.0,-86.9902,99.4789,Manhattan_Frontinella,2.541924123893009,-86.98700000000002,99.05,2010-12-05 04:03:39,30,0.7253521126760564,206.0,284.0
ESP_011408_0930,Oswego_Edge,ESP_011408_0930,0.25414854323155267,0.4052925701714576,0.43883434971722024,0.6644293820933165,0.291574435823935,210757.0,26413632.0,512067.0,106443.0,0.0,-87.0192,86.5591,183.771,2009-01-01 09:41:03,1.0,148.9295418,59.0,-87.0192,86.5591,Oswego_Edge,2.3339630604145856,-87.0,86.40100000000002,2009-01-01 09:41:03,29,0.9090909090909091,160.0,176.0
ESP_011606_0930,Oswego_Edge,ESP_011606_0930,0.2472570286693298,0.3964812752879376,0.5147801833520038,0.5833382852517691,0.3002909894381492,932587.0,43141572.0,2173024.0,666120.0,0.0,-87.0175,86.5379,192.676,2009-01-16 19:58:07,0.5,154.9441129,108.0,-87.0175,86.5379,Oswego_Edge,2.1111853761787933,-87.0,86.40100000000002,2009-01-16 19:58:07,29,0.7796610169491526,138.0,177.0
ESP_012028_0930,Oswego_Edge,ESP_012028_0930,0.08516627033426136,0.15696446279707493,0.13614891023583123,0.6549262974038691,0.08916750167632467,989908.0,27497552.0,10111760.0,521572.0,0.0,-87.0174,86.5407,212.35,2009-02-18 17:09:03,0.5,155.8608061,90.0,-87.0174,86.5407,Oswego_Edge,2.1071067321747305,-87.0,86.40100000000002,2009-02-18 17:09:03,29,0.8085106382978723,76.0,94.0
ESP_012463_0930,Oswego_Edge,ESP_012463_0930,0.1263698210803562,0.2243842452368774,0.233410963241247,0.5928555887234137,0.13837899402688855,1302448.0,52191968.0,8109732.0,894458.0,0.0,-87.0198,86.6013,233.415,2009-03-24 14:37:50,0.5,151.9203883,144.0,-87.0198,86.6013,Oswego_Edge,2.5005054788835803,-87.0,86.40100000000002,2009-03-24 14:37:50,29,0.7557683935568132,1736.0,2297.0
ESP_012819_0930,Oswego_Edge,ESP_012819_0930,0.34030946430345693,0.5078072987872421,1.1499983525421806,0.47468974776701683,0.5458924279007327,712412.0,37027376.0,592629.0,788383.0,0.0,-87.01899999999999,86.5745,250.979,2009-04-21 08:24:14,0.5,151.4441659,90.0,-87.01899999999998,86.5745,Oswego_Edge,2.350643486719103,-87.0,86.40100000000002,2009-04-21 08:24:14,29,0.44177911044477763,884.0,2001.0
ESP_013030_0930,Oswego_Edge,ESP_013030_0930,0.14659747224965225,0.2557086864057146,0.23188845693405574,0.6792157386483254,0.15750228956048506,3397268.0,55775384.0,18172374.0,1604483.0,0.0,-87.01899999999999,86.5835,261.406,2009-05-07 18:58:56,0.5,151.83785369999995,182.0,-87.01899999999998,86.5835,Oswego_Edge,2.3736710577659195,-87.0,86.40100000000002,2009-05-07 18:58:56,29,0.8206106870229007,645.0,786.0
ESP_020229_0930,Oswego_Edge,ESP_020229_0930,0.41225559280290075,0.5838257535021659,0.9868734876790963,0.5877085186398889,0.5799939555288623,602594.0,21638328.0,436372.0,422734.0,0.0,-87.0191,86.4869,183.979,2010-11-19 17:46:06,1.0,131.7467805,50.0,-87.0191,86.4869,Oswego_Edge,2.191229619614261,-87.0,86.40100000000002,2010-11-19 17:46:06,30,0.8569051580698835,515.0,601.0
ESP_020322_0930,Oswego_Edge,ESP_020322_0930,0.36539289417112736,0.5352201490589155,0.7073515577197083,0.6459369073594486,0.4569044776093569,1583805.0,42578848.0,1882576.0,868145.0,0.0,-87.0068,86.6265,188.135,2010-11-26 23:41:33,0.5,151.73078610000005,108.0,-87.0068,86.6265,Oswego_Edge,1.5200265591404585,-87.0,86.40100000000002,2010-11-26 23:41:32,30,0.919921875,471.0,512.0
ESP_020533_0930,Oswego_Edge,ESP_020533_0930,0.2089923772344577,0.34572985102275494,0.4165722326713361,0.5878347961694708,0.24487565348221618,1186986.0,25648676.0,3660315.0,832265.0,0.0,-87.0056,86.5946,197.745,2010-12-13 10:17:48,0.5,152.4521361,72.0,-87.0056,86.5946,Oswego_Edge,1.2921170201206884,-87.0,86.40100000000002,2010-12-13 10:17:48,30,0.831275720164609,202.0,243.0
ESP_020678_0930,Oswego_Edge,ESP_020678_0930,0.05161501519984532,0.09816333105929259,0.07900395849824479,0.6703374574813302,0.05295931267067395,2039493.0,110799512.0,36471072.0,1002994.0,0.0,-87.0057,86.5931,204.485,2010-12-24 17:27:49,0.25,152.8206544,360.0,-87.0057,86.5931,Oswego_Edge,1.2899180313192382,-87.0,86.40100000000002,2010-12-24 17:27:49,30,0.7931034482758621,115.0,145.0
ESP_020731_0930,Oswego_Edge,ESP_020731_0930,0.02930016968552222,0.0569322175564805,0.04424926748356258,0.6717786306270641,0.029725712316358347,916343.0,81555248.0,29910268.0,447712.0,0.0,-87.00299999999999,86.5484,206.975,2010-12-28 20:34:41,0.25,159.909177,270.0,-87.00299999999999,86.5484,Oswego_Edge,0.9240923550133262,-87.0,86.40100000000002,2010-12-28 20:34:40,30,0.85,51.0,60.0
ESP_020955_0930,Oswego_Edge,ESP_020955_0930,0.028654756091381597,0.055713064777634914,0.04237462481105654,0.6852436668860475,0.02903694328844887,1022437.0,77148496.0,34189156.0,469641.0,0.0,-87.007,86.6516,217.638,2011-01-15 07:28:27,0.25,155.28830259999995,270.0,-87.007,86.6516,Oswego_Edge,1.6589708376923629,-87.0,86.40100000000002,2011-01-15 07:28:27,30,0.7636363636363637,42.0,55.0
ESP_021483_0930,Oswego_Edge,ESP_021483_0930,0.12065294733105698,0.21532615894760926,0.25430386280923445,0.5310269964999801,0.13504221646593073,519038.0,31248080.0,3324486.0,458385.0,0.0,-87.0014,86.5421,243.43400000000003,2011-02-25 10:55:13,0.5,168.97786399999995,82.0,-87.0014,86.5421,Oswego_Edge,0.8393102192335623,-87.0,86.40100000000002,2011-02-25 10:55:13,30,0.5605590062111802,361.0,644.0
ESP_021522_0930,Oswego_Edge,ESP_021522_0930,0.11168177578040848,0.20092400219839368,0.21970408586779877,0.5577224795364021,0.12253390753446733,2166995.0,130909504.0,15517864.0,1718441.0,0.0,-87.0008,86.4499,245.361,2011-02-28 11:51:19,0.25,155.3456081,360.0,-87.0008,86.4499,Oswego_Edge,0.2994512809783805,-87.0,86.40100000000002,2011-02-28 11:51:18,30,0.8122448979591836,796.0,980.0
ESP_021654_0930,Oswego_Edge,ESP_021654_0930,0.11166429775780129,0.20089571641911202,0.17454638746960147,0.6759273033344214,0.11798066898909278,3880354.0,78079256.0,29009390.0,1860432.0,0.0,-87.0064,86.6874,251.888,2011-03-10 18:43:29,0.25,159.66452619999995,270.0,-87.0064,86.6874,Oswego_Edge,1.8187434182421387,-87.0,86.40100000000002,2011-03-10 18:43:29,30,0.8600583090379009,295.0,343.0
ESP_022379_0930,Oswego_Edge,ESP_022379_0930,0.015242955407366865,0.030028192416761208,0.031268580566831156,0.49517967891817394,0.015483565685310506,72577.0,103903864.0,4614780.0,73990.0,0.0,-87.0045,86.551,287.34,2011-05-06 06:34:07,0.25,153.0037081,260.0,-87.0045,86.551,Oswego_Edge,1.0100991761211824,-87.0,86.40100000000002,2011-05-06 06:34:06,30,0.8787878787878788,58.0,66.0
ESP_011431_0930,Pisaq,ESP_011431_0930,0.29677374892934144,0.45771091398845404,0.648021006500304,0.5820160099679363,0.3771586005787131,452163.0,23417656.0,746704.0,324728.0,0.0,-86.84200000000001,178.24400000000003,184.794,2009-01-03 04:42:00,1.0,148.63484230000003,54.0,-86.84200000000001,178.24400000000003,Pisaq,4.928439641664036,-86.8,178.0,2009-01-03 04:41:59,29,0.8958097395243488,791.0,883.0
ESP_012077_0930,Pisaq,ESP_012077_0930,0.2282012136879343,0.37160232565267026,0.6498253448397063,0.4717259336925239,0.3065394675315768,3231250.0,136153152.0,7309807.0,3618596.0,0.0,-86.8467,178.37400000000002,214.68900000000002,2009-02-22 12:47:24,0.25,147.1298688,360.0,-86.8467,178.37400000000005,Pisaq,5.7065121573324324,-86.8,178.0,2009-02-22 12:47:23,29,0.6602463605823068,2948.0,4465.0
ESP_012499_0930,Pisaq,ESP_012499_0930,0.21402215592029955,0.3525836079293928,0.7978526862731654,0.3972496411666612,0.3169466933258717,855203.0,58502724.0,1843052.0,1297607.0,0.0,-86.8436,178.28799999999998,235.18400000000003,2009-03-27 09:57:42,0.5,146.5788001,144.0,-86.8436,178.28799999999995,Pisaq,5.185987725996453,-86.8,178.0,2009-03-27 09:57:42,29,0.4027386226339106,2000.0,4966.0
ESP_020780_0930,Pisaq,ESP_020780_0930,0.32166499399399495,0.4867572273696105,0.6929222672454828,0.5946137019325656,0.41202107447834296,1009286.0,28190564.0,1440312.0,688095.0,0.0,-86.8471,178.386,209.28900000000002,2011-01-01 16:12:55,0.5,147.6563139,72.0,-86.8471,178.386,Pisaq,5.777626375895292,-86.8,178.0,2011-01-01 16:12:55,30,0.5928571428571429,1328.0,2240.0
ESP_011960_0925,Portsmouth,ESP_011960_0925,0.3111519679223802,0.47462380492083484,1.0948379863880786,0.4540671716517252,0.4971299878961049,2505386.0,46653840.0,2534314.0,3012269.0,0.0,-87.3029,167.97,209.12099999999998,2009-02-13 09:58:40,0.5,180.8926045,126.0,-87.3029,167.97,Portsmouth,0.8940505176469913,-87.302,167.801,2009-02-13 09:58:40,29,0.27871670008593524,1946.0,6982.0
ESP_012316_0925,Portsmouth,ESP_012316_0925,0.3018170533928817,0.4636858191498815,1.5762024611350567,0.37893245885021964,0.5972742742436747,3516954.0,138660160.0,2371386.0,5764262.0,0.0,-87.3033,168.21200000000002,226.22799999999998,2009-03-13 03:43:10,0.25,182.2324551,360.0,-87.3033,168.21200000000005,Portsmouth,2.1652116823596628,-87.302,167.801,2009-03-13 03:43:10,29,0.20604686318972032,2726.0,13230.0
ESP_012461_0925,Portsmouth,ESP_012461_0925,0.17516187402386268,0.2981068019575759,1.6755140941648083,0.23801320233043602,0.39879447510194577,219258.0,22283856.0,330544.0,701943.0,0.0,-87.3034,168.02900000000002,233.317,2009-03-24 10:53:06,0.5,178.7093965,54.0,-87.3034,168.02900000000002,Portsmouth,1.2085733995482928,-87.302,167.801,2009-03-24 10:53:06,29,0.08378122036041732,265.0,3163.0
ESP_012527_0925,Portsmouth,ESP_012527_0925,0.22083476008650887,0.3617766585723041,2.0869240712899497,0.26756533482490324,0.5583885378888456,1981846.0,122597136.0,1567378.0,5425115.0,0.0,-87.303,168.082,236.56,2009-03-29 14:19:05,0.25,182.7560522,315.0,-87.303,168.082,Portsmouth,1.4813197391670188,-87.302,167.801,2009-03-29 14:19:05,29,0.13479432994173407,1550.0,11499.0
ESP_012817_0925,Portsmouth,ESP_012817_0925,0.11540982259723916,0.20693707417513435,4.440280497245117,0.1267707895357542,0.5628978643959747,185427.0,45306700.0,143988.0,1277268.0,0.0,-87.3034,168.02599999999998,250.88,2009-04-21 04:39:29,0.5,178.27878280000004,108.0,-87.3034,168.02599999999995,Portsmouth,1.1929390836358684,-87.302,167.801,2009-04-21 04:39:29,29,0.12497185318621933,555.0,4441.0
ESP_020386_0925,Portsmouth,ESP_020386_0925,0.27691820714104837,0.4337289664951265,1.681589349972524,0.34582847986844256,0.5815414886639604,196839.0,61787720.0,141639.0,372342.0,0.0,-87.3026,168.033,191.024,2010-12-01 23:22:40,0.5,180.5648986,144.0,-87.3026,168.033,Portsmouth,1.2214603634808927,-87.302,167.801,2010-12-01 23:22:40,30,0.45701357466063347,101.0,221.0
ESP_020597_0925,Portsmouth,ESP_020597_0925,0.318903433579894,0.4835887532937809,1.404197904344768,0.41398832160204796,0.5813215336168036,1163722.0,43264320.0,838134.0,1647280.0,0.0,-87.3029,168.018,200.706,2010-12-18 09:58:43,0.5,181.1961567,108.0,-87.3029,168.018,Portsmouth,1.1451231404347566,-87.302,167.801,2010-12-18 09:58:43,30,0.40236686390532544,68.0,169.0
ESP_020742_0925,Portsmouth,ESP_020742_0925,0.35498336059355107,0.5239671141615355,1.3227671561040877,0.46004076802564553,0.6085268184132234,9611560.0,123237208.0,6183241.0,11281285.0,0.0,-87.3032,168.054,207.493,2010-12-29 17:08:37,0.25,181.8979832,360.0,-87.3032,168.054,Portsmouth,1.3366062846473798,-87.302,167.801,2010-12-29 17:08:36,30,0.4518592964824121,2248.0,4975.0
ESP_020953_0925,Portsmouth,ESP_020953_0925,0.16279000411749087,0.2799989740899806,0.47074802710237584,0.4373974132917294,0.20590396936676408,4738020.0,83724168.0,18272804.0,6094280.0,0.0,-87.3032,168.356,217.541,2011-01-15 03:43:40,0.25,182.6757165,270.0,-87.3032,168.356,Portsmouth,2.9203704794686183,-87.302,167.801,2011-01-15 03:43:40,30,0.3986089980439035,1834.0,4601.0
ESP_021454_0925,Portsmouth,ESP_021454_0925,0.3046854688753999,0.4670634818030582,1.6296599411484525,0.37683264374936787,0.6141090640354107,1725095.0,125909256.0,1084007.0,2852786.0,0.0,-87.3034,167.998,242.002,2011-02-23 04:41:18,0.25,180.8089976,315.0,-87.3034,167.998,Portsmouth,1.0472129622509394,-87.302,167.801,2011-02-23 04:41:17,30,0.3334446299387869,2996.0,8985.0
ESP_021520_0925,Portsmouth,ESP_021520_0925,0.2758247553512507,0.43238658631500326,2.164049569291854,0.316095484043197,0.6840462960987805,1956094.0,143221024.0,903499.0,4232207.0,0.0,-87.3023,167.87,245.262,2011-02-28 08:06:34,0.25,182.478033,360.0,-87.3023,167.87,Portsmouth,0.3642966262407864,-87.302,167.801,2011-02-28 08:06:34,30,0.27881568884518737,2552.0,9153.0
ESP_011460_0980,Potsdam,ESP_011460_0980,0.11417103956927432,0.20494347010385683,1.1709067421242143,0.18998659115910915,0.22245658050139758,773189.0,79969944.0,2702496.0,3296514.0,0.0,-81.6917,66.3,186.08900000000003,2009-01-05 10:57:52,0.5,109.1970331,200.0,-81.6917,66.3,Potsdam,0.918498855052562,-81.684,66.28,2009-01-05 10:57:52,29,0.17330210772833723,74.0,427.0
ESP_011526_0980,Potsdam,ESP_011526_0980,0.1368915547218884,0.24081726028016004,0.818183338998375,0.26757446009634017,0.21892496519231106,575809.0,58292084.0,2054357.0,1576149.0,0.0,-81.6933,66.3066,189.05200000000002,2009-01-10 14:23:34,0.5,111.0479252,144.0,-81.6933,66.3066,Potsdam,1.123821803940316,-81.684,66.28,2009-01-10 14:23:34,29,0.30303030303030304,80.0,264.0
ESP_011737_0980,Potsdam,ESP_011737_0980,0.2566855163004452,0.4085119355176486,0.5722596906258816,0.5611847731678321,0.32114342467697915,1429841.0,73379000.0,3022503.0,1118056.0,0.0,-81.6944,66.3145,198.688,2009-01-27 00:59:02,0.5,111.4985386,182.0,-81.6944,66.3145,Potsdam,1.2880123716021856,-81.684,66.28,2009-01-27 00:59:02,29,0.7359586830213041,1140.0,1549.0
ESP_012515_0980,Potsdam,ESP_012515_0980,0.20019159404322726,0.33359939369149916,0.4707720010684012,0.5211106933944043,0.24532432390742578,604355.0,43894448.0,1859139.0,555389.0,0.0,-81.6944,66.3172,235.97099999999998,2009-03-28 15:54:52,0.5,111.809347,108.0,-81.6944,66.3172,Potsdam,1.307450690259036,-81.684,66.28,2009-03-28 15:54:51,29,0.8009708737864077,495.0,618.0
ESP_012594_0980,Potsdam,ESP_012594_0980,0.12122378557230727,0.21623477334710822,0.3322987463582553,0.4334793925746882,0.14404465872470687,338234.0,44123284.0,2009885.0,442043.0,0.0,-81.6961,66.3134,239.861,2009-04-03 19:39:33,0.5,108.7656211,108.0,-81.6961,66.3134,Potsdam,1.4547989853392589,-81.684,66.28,2009-04-03 19:39:33,29,0.7904290429042904,479.0,606.0
ESP_012805_0980,Potsdam,ESP_012805_0980,0.3266338643588853,0.4924250362276645,0.9336323764455563,0.5099271496170702,0.47608449651109397,758972.0,36797168.0,835224.0,729421.0,0.0,-81.7033,66.3832,250.287,2009-04-20 06:15:22,0.5,109.5454097,90.0,-81.7033,66.3832,Potsdam,2.7235378038414884,-81.684,66.28,2009-04-20 06:15:22,29,0.7789473684210526,444.0,570.0
ESP_012871_0980,Potsdam,ESP_012871_0980,0.34337838505273566,0.5112161828318474,0.674103390894736,0.6347904169589768,0.4279143725795296,966377.0,28513904.0,1291965.0,555979.0,0.0,-81.6966,66.3696,253.55200000000002,2009-04-25 09:40:51,0.5,111.3292583,72.0,-81.6966,66.3696,Potsdam,2.0177828097806145,-81.684,66.28,2009-04-25 09:40:51,29,0.8081395348837209,278.0,344.0
ESP_020163_0980,Potsdam,ESP_020163_0980,0.3200339333812303,0.48488743400932466,0.8880727400016786,0.5154435582160974,0.4577513730611844,894459.0,18003526.0,1059569.0,840860.0,0.0,-81.6915,66.308,181.05900000000003,2010-11-14 14:21:46,1.0,110.6619113,45.0,-81.6915,66.308,Potsdam,0.9517572318058336,-81.684,66.28,2010-11-14 14:21:46,30,0.49944994499449946,454.0,909.0
ESP_020374_0980,Potsdam,ESP_020374_0980,0.11461566914915734,0.20565953327508718,0.5093512291335931,0.3047135763859899,0.15520623466589695,806568.0,71912320.0,4390182.0,1840403.0,0.0,-81.6899,66.303,190.482,2010-12-01 00:58:28,0.5,111.55815859999998,182.0,-81.6899,66.303,Potsdam,0.7563246305802076,-81.684,66.28,2010-12-01 00:58:28,30,0.45916114790286977,208.0,453.0
ESP_020875_0980,Potsdam,ESP_020875_0980,0.23176569630007807,0.37631458157382586,0.49370469809701156,0.5692703154596913,0.2810514292296174,409927.0,21766964.0,1048621.0,310165.0,0.0,-81.6897,66.3025,213.80599999999998,2011-01-09 01:54:03,0.5,109.59994840000002,54.0,-81.6897,66.3025,Potsdam,0.7329167761263796,-81.684,66.28,2011-01-09 01:54:02,30,0.7272727272727273,64.0,88.0
ESP_020941_0980,Potsdam,ESP_020941_0980,0.18955862446137986,0.31870413204260545,0.29888739563538624,0.6925029059305803,0.20698039002352803,334821.0,21769364.0,1282825.0,148673.0,0.0,-81.6958,66.3183,216.96599999999998,2011-01-14 05:19:24,0.5,111.3751955,54.0,-81.6958,66.3183,Potsdam,1.4555353964156068,-81.684,66.28,2011-01-14 05:19:24,30,0.85,51.0,60.0
ESP_021508_0980,Potsdam,ESP_021508_0980,0.0716547478040025,0.1337272996752637,0.18397517482146578,0.430302086042506,0.07916490150571144,350753.0,107934936.0,4079910.0,464379.0,0.0,-81.6851,66.2938,244.67,2011-02-27 09:42:30,0.25,112.3008265,270.0,-81.6851,66.2938,Potsdam,0.2545087859808021,-81.684,66.28,2011-02-27 09:42:30,30,0.6492890995260664,137.0,211.0
ESP_021521_0980,Potsdam,ESP_021521_0980,0.06242615299593197,0.11751622043545647,0.15400756304646399,0.4402855433867145,0.06780730358157609,292225.0,108148400.0,4017414.0,371492.0,0.0,-81.6859,66.2932,245.312,2011-02-28 10:01:09,0.25,106.977728,270.0,-81.6859,66.2932,Potsdam,0.3007864029410632,-81.684,66.28,2011-02-28 10:01:09,30,0.7461928934010152,147.0,197.0
ESP_021574_0980,Potsdam,ESP_021574_0980,0.10288232784256937,0.18656990912861063,0.2202413908641446,0.5168427344997214,0.11383016270424645,509256.0,107879808.0,3964567.0,476065.0,0.0,-81.6961,66.3272,247.93200000000002,2011-03-04 13:08:06,0.25,114.0956491,270.0,-81.6961,66.3272,Potsdam,1.551209904845222,-81.684,66.28,2011-03-04 13:08:05,30,0.8058252427184466,166.0,206.0
ESP_021587_0980,Potsdam,ESP_021587_0980,0.06719337646308816,0.12592540011029993,0.17597715559210464,0.4207517542269907,0.07404269691925411,345924.0,107681088.0,4326029.0,476233.0,0.0,-81.6961,66.3137,248.575,2011-03-05 13:27:00,0.25,109.0620446,270.0,-81.6961,66.3137,Potsdam,1.4566005271219482,-81.684,66.28,2011-03-05 13:27:00,30,0.6131386861313869,84.0,137.0
ESP_022510_0980,Potsdam,ESP_022510_0980,0.02250041778125827,0.044010579144959816,0.05747095986355425,0.4048993568496609,0.023269954686285788,18446.0,30508444.0,774250.0,27111.0,0.0,-81.6988,66.3188,293.572,2011-05-16 11:34:43,0.5,107.8779975,72.0,-81.6988,66.3188,Potsdam,1.7673754494144216,-81.684,66.28,2011-05-16 11:34:43,30,0.7142857142857143,15.0,21.0
ESP_012248_0965,Rochester,ESP_012248_0965,0.4013278502026126,0.5727822367115392,1.409857526767722,0.48952591241709414,0.6901617921690768,4394129.0,51549508.0,1972681.0,4582166.0,0.0,-83.2224,158.47899999999998,222.926,2009-03-07 20:35:25,0.5,114.3665863,144.0,-83.2224,158.47899999999996,Rochester,2.7103203362373187,-83.2,158.4,2009-03-07 20:35:25,29,0.6600808960796515,12729.0,19284.0
ESP_012314_0965,Rochester,ESP_012314_0965,0.3758247150202717,0.5463264483001153,1.7179839602770326,0.43216542118221674,0.7424532617774166,3714830.0,52614032.0,1288623.0,4881022.0,0.0,-83.2259,158.499,226.132,2009-03-13 00:00:39,0.5,116.1233384,144.0,-83.2259,158.499,Rochester,3.1739410396903445,-83.2,158.4,2009-03-13 00:00:39,29,0.5976622730664014,12016.0,20105.0
ESP_012393_0965,Rochester,ESP_012393_0965,0.309501346512385,0.47270107409463097,2.2052805823684274,0.34352535141650553,0.7575697870301099,1307295.0,27104390.0,418348.0,2498232.0,0.0,-83.2225,158.47299999999998,229.987,2009-03-19 03:44:32,0.5,112.8033491,72.0,-83.2225,158.47299999999996,Rochester,2.6912544405877963,-83.2,158.4,2009-03-19 03:44:31,29,0.49188214070956104,4908.0,9978.0
ESP_012604_0965,Rochester,ESP_012604_0965,0.33506046607417334,0.5019405106937801,2.1677932436235214,0.36674248412613786,0.7950218792383482,3195278.0,52962016.0,823829.0,5517315.0,0.0,-83.2212,158.471,240.354,2009-04-04 14:21:13,0.5,113.7485882,144.0,-83.2212,158.471,Rochester,2.546425249149842,-83.2,158.4,2009-04-04 14:21:12,29,0.4976341824786121,10412.0,20923.0
ESP_011921_0950,Schenectady,ESP_011921_0950,0.1818723185482311,0.3077698253761226,0.44279060541376947,0.5014191891758432,0.22202370634125299,1269280.0,39934416.0,4447587.0,1262095.0,0.0,-85.0057,95.0902,207.27900000000002,2009-02-10 09:03:47,0.5,123.2581985,108.0,-85.0057,95.0902,Schenectady,1.0841449170604802,-85.0,95.0,2009-02-10 09:03:47,29,0.5966666666666667,179.0,300.0
ESP_011341_0980,Starburst,ESP_011341_0980,0.09495979042570372,0.17344890882026784,2.4636023169504004,0.12192674895801647,0.3003790212311992,639716.0,47969216.0,1489980.0,4607008.0,0.0,-81.7969,76.1304,180.80900000000003,2008-12-27 04:25:02,0.5,110.20892279999998,126.0,-81.7969,76.1304,Starburst,0.4827211412159147,-81.801,76.14,2008-12-27 04:25:02,29,0.16802168021680217,124.0,738.0
ESP_011486_0980,Starburst,ESP_011486_0980,0.12062392825254208,0.21527994398734354,1.0015543978064507,0.21511288832195,0.21544725932369693,1461728.0,82416432.0,5322893.0,5333439.0,0.0,-81.8115,76.1648,187.25400000000002,2009-01-07 11:35:10,0.5,108.8875558,218.0,-81.8115,76.1648,Starburst,1.2372136490285823,-81.801,76.14,2009-01-07 11:35:10,29,0.27297297297297296,202.0,740.0
ESP_011697_0980,Starburst,ESP_011697_0980,0.22175986204981116,0.3630171017040172,0.48170307426973746,0.5583144309622318,0.2689417778036661,1699101.0,71287568.0,4618627.0,1344168.0,0.0,-81.8089,76.1636,196.842,2009-01-23 22:10:45,0.5,109.3225406,182.0,-81.8089,76.1636,Starburst,0.9588749491470828,-81.801,76.14,2009-01-23 22:10:45,29,0.7964347326049454,1385.0,1739.0
ESP_011842_0980,Starburst,ESP_011842_0980,0.4709553164290198,0.640339391916186,0.9565773205834485,0.6548731110075015,0.626436765849703,7081862.0,56062736.0,4223129.0,3732236.0,0.0,-81.8017,76.145,203.57,2009-02-04 05:20:28,0.5,107.8520186,164.0,-81.8017,76.145,Starburst,0.11158993997462288,-81.801,76.14,2009-02-04 05:20:27,29,0.8275862068965517,1320.0,1595.0
ESP_012053_0980,Starburst,ESP_012053_0980,0.022596900167421892,0.04419512892812309,0.04221687201640059,0.5455272599535091,0.023030454514914995,661568.0,160601232.0,28064222.0,551145.0,0.0,-81.8074,76.1621,213.543,2009-02-20 15:56:08,0.25,108.975943,455.0,-81.8074,76.1621,Starburst,0.7966172381555187,-81.801,76.14,2009-02-20 15:56:08,29,0.5221238938053098,59.0,113.0
ESP_012264_0980,Starburst,ESP_012264_0980,0.0017885255489889962,0.0035706648726264224,0.008132650654618736,0.22131184955267483,0.001799851958139444,87273.0,141082352.0,48401716.0,307071.0,0.0,-81.8105,76.1688,223.702,2009-03-09 02:30:59,0.25,109.47817820000002,455.0,-81.8105,76.1688,Starburst,1.1556977925366494,-81.801,76.14,2009-03-09 02:30:59,29,0.5238095238095238,22.0,42.0
ESP_012607_0980,Starburst,ESP_012607_0980,0.10694457077401028,0.19322479841828266,0.24817329301679403,0.4859065010632176,0.12058901646712704,590235.0,49186916.0,4304365.0,624474.0,0.0,-81.8116,76.1776,240.503,2009-04-04 19:58:08,0.5,113.3732978,126.0,-81.8116,76.1776,Starburst,1.3264156890017964,-81.801,76.14,2009-04-04 19:58:07,29,0.8415529905561385,802.0,953.0
ESP_020677_0980,Starburst,ESP_020677_0980,0.29215272411735016,0.4521953460523256,0.674946432657124,0.5610837727912408,0.3787014908672482,5442204.0,94201600.0,8928492.0,4257246.0,0.0,-81.812,76.19,204.43900000000002,2010-12-24 15:37:29,0.25,114.4279543,270.0,-81.812,76.19,Starburst,1.4636635577434676,-81.801,76.14,2010-12-24 15:37:28,30,0.6186915887850467,331.0,535.0
ESP_020756_0980,Starburst,ESP_020756_0980,0.08141326560567579,0.15056827615310972,0.22857917957896734,0.40464107345109285,0.09249252459340346,1074649.0,99629720.0,10544117.0,1581159.0,0.0,-81.8075,76.1684,208.155,2010-12-30 19:21:43,0.25,111.2403848,270.0,-81.8075,76.1684,Starburst,0.8551804175269002,-81.801,76.14,2010-12-30 19:21:43,30,0.5480225988700564,97.0,177.0
ESP_021969_0980,Starburst,ESP_021969_0980,0.03592716674780035,0.06936234110085257,0.1533083336686081,0.2608996005634564,0.03999808301718895,67603.0,52824220.0,1622553.0,191512.0,0.0,-81.8403,76.2299,267.433,2011-04-04 07:50:41,0.5,107.7749607,126.0,-81.8403,76.2299,Starburst,4.61530799308088,-81.801,76.14,2011-04-04 07:50:40,30,0.5423728813559322,32.0,59.0
ESP_012348_0975,Taichung,ESP_012348_0975,0.1157832612039001,0.20753718975667923,0.3788487815489619,0.37767364600209175,0.14308120061104643,147332.0,45640832.0,882377.0,242772.0,0.0,-82.3136,306.047,227.78900000000002,2009-03-15 15:35:43,0.5,112.0422404,108.0,-82.3136,306.047,Taichung,180.47025281504241,-81.46,296.3,2009-03-15 15:35:42,29,0.5661375661375662,214.0,378.0
ESP_011348_0950,Troy,ESP_011348_0950,0.07166149854758971,0.13373905593270208,0.2700424800281909,0.31449548651691034,0.08492714113669896,43863.0,41361080.0,472615.0,95608.0,0.0,-85.0427,259.094,181.11700000000002,2008-12-27 17:29:17,1.0,123.6240567,91.0,-85.0427,259.094,Troy,2.6934015050559754,-85.02,259.0,2008-12-27 17:29:17,29,0.4824120603015075,96.0,199.0
ESP_012693_0950,Troy,ESP_012693_0950,0.07980431675328481,0.14781256025674885,0.20823464194738195,0.42882455615206094,0.08929612790856939,1654656.0,206627472.0,16875330.0,2203929.0,0.0,-85.036,259.04900000000004,244.748,2009-04-11 12:47:00,0.25,124.976879,545.0,-85.036,259.04900000000004,Troy,1.8488483868382928,-85.02,259.0,2009-04-11 12:47:00,29,0.7103064066852368,1275.0,1795.0
ESP_012838_0950,Troy,ESP_012838_0950,0.06530790695560376,0.12260850882490529,0.18371895896461224,0.3949892195240882,0.07256700821321017,724176.0,139223872.0,9255235.0,1109231.0,0.0,-85.036,259.04400000000004,251.919,2009-04-22 19:56:56,0.25,123.6589948,360.0,-85.036,259.04400000000004,Troy,1.8370268138263968,-85.02,259.0,2009-04-22 19:56:56,29,0.6523809523809524,685.0,1050.0
ESP_013049_0950,Troy,ESP_013049_0950,0.18212991310131926,0.3081385744203041,1.991467138556492,0.23143400201123518,0.46089320974999193,213571.0,30155624.0,249814.0,709245.0,0.0,-85.0334,259.025,262.343,2009-05-09 06:31:34,0.5,123.1459771,72.0,-85.0334,259.025,Troy,1.51603587437138,-85.02,259.0,2009-05-09 06:31:33,29,0.30522456461961506,333.0,1091.0
ESP_013260_0950,Troy,ESP_013260_0950,0.10845896471544625,0.1956932349587065,0.22025599395353224,0.5420870475490843,0.11939792146725926,2410048.0,128091704.0,17774960.0,2035821.0,0.0,-85.0346,259.034,272.705,2009-05-25 17:07:34,0.25,124.7888324,360.0,-85.0346,259.034,Troy,1.6635013526579094,-85.02,259.0,2009-05-25 17:07:34,29,0.6994906621392191,412.0,589.0
ESP_011296_0975,Wellington,ESP_011296_0975,0.43980686750187215,0.6109248086376422,1.294041786404108,0.5415153722586293,0.7007435196828422,1546967.0,38455808.0,660641.0,1309770.0,0.0,-82.1965,225.253,178.833,2008-12-23 16:15:26,1.0,110.6001067,91.0,-82.1965,225.253,Wellington,0.8935536052282669,-82.2,225.2,2008-12-23 16:15:26,29,0.6842872767043383,3754.0,5486.0
ESP_012008_0975,Wellington,ESP_012008_0975,0.6161584159308151,0.7624975495684226,1.5021207211621523,0.6350557887033382,0.9539304593052579,9298109.0,135222592.0,449047.0,5343296.0,0.0,-82.1867,225.231,211.399,2009-02-17 03:46:48,0.25,109.471252,360.0,-82.1867,225.231,Wellington,1.5579296620223884,-82.2,225.2,2009-02-17 03:46:48,29,0.8611929307805597,4678.0,5432.0
